unnamed:_0,autoritate_tutelar,intreprindere,cui,personal,calitate,suma,indemnizatie_variabila,suma_num,indemnizatie_variabila_num
1,AGENTIA NATIONALA PENTRU PESCUIT SI ACVACULTURA,PISCICOLA CALARASI,1923799,Chiriac Petronel,Membru CA/CS,"4,455",,4455.0,0.0
1,AGENTIA NATIONALA PENTRU PESCUIT SI ACVACULTURA,PISCICOLA CALARASI,1923799,Avramescu Roxana,Membru CA/CS,"4,050",,4050.0,0.0
1,AGENTIA NATIONALA PENTRU PESCUIT SI ACVACULTURA,PISCICOLA CALARASI,1923799,Ghita Daniel,Membru CA/CS,,,0.0,0.0
1,AGENTIA NATIONALA PENTRU PESCUIT SI ACVACULTURA,PISCICOLA CALARASI,1923799,Ghita Daniel,Director/directorat,"1 2,820",,12820.0,0.0
2,MINISTERUL SANATATII,ANTIBIOTICE,1973096,Ionut Sebastian Iavor,Membru CA/CS,"3 1,530",,31530.0,0.0
2,MINISTERUL SANATATII,ANTIBIOTICE,1973096,Laura Cristina Stanislav Bogdan,Membru CA/CS,"3 1,530",,31530.0,0.0
2,MINISTERUL SANATATII,ANTIBIOTICE,1973096,Corina Luminița Vulpeș,Membru CA/CS,"3 1,530",,31530.0,0.0
2,MINISTERUL SANATATII,ANTIBIOTICE,1973096,Andrei Tiberiu Novac,Membru CA/CS,"3 1,530",,31530.0,0.0
2,MINISTERUL SANATATII,ANTIBIOTICE,1973096,Catalin Lungu,Membru CA/CS,"3 1,530",,31530.0,0.0
2,MINISTERUL SANATATII,ANTIBIOTICE,1973096,Ioan Nani,Membru CA/CS,,,0.0,0.0
2,MINISTERUL SANATATII,ANTIBIOTICE,1973096,Ioan Nani,Director/directorat,"6 3,060",Nu a fost stabilită,63060.0,0.0
2,MINISTERUL SANATATII,ANTIBIOTICE,1973096,Paula Luminita Coman,Director/directorat,"4 2,585","1 92,828",42585.0,192828.0
2,MINISTERUL SANATATII,ANTIBIOTICE,1973096,Stefania Alexandru,Director/directorat,"43,035","1 94,880",43035.0,194880.0
3,MINISTERUL SANATATII,CN UNIFARM,11653560,Danut Cristian Popa,Membru CA/CS,"1 0,301",,10301.0,0.0
3,MINISTERUL SANATATII,CN UNIFARM,11653560,Monica Patricia Amarie,Membru CA/CS,"1 0,301",,10301.0,0.0
3,MINISTERUL SANATATII,CN UNIFARM,11653560,Laurentiu Constantin Tudose,Membru CA/CS,"1 0,301",,10301.0,0.0
,MINISTERUL SANATATII,CN UNIFARM,11653560,Zaharia Viorela,Membru CA/CS,"1 0,301",,10301.0,0.0
3,MINISTERUL SANATATII,CN UNIFARM,11653560,Alina Sanda Costea,Membru CA/CS,"1 0,301",,10301.0,0.0
3,MINISTERUL SANATATII,CN UNIFARM,11653560,Dobre Adrian Marius,Membru CA/CS,,,0.0,0.0
3,MINISTERUL SANATATII,CN UNIFARM,11653560,Dobre Adrian Marius,Director/directorat,"3 4,000","3 40,000",34000.0,340000.0
4,CAMERA DEPUTATILOR,REGIA AUTONOMĂ MONITORUL OFICIAL,427282,Stan Dorina,Membru CA/CS,"1 5,716",,15716.0,0.0
4,CAMERA DEPUTATILOR,REGIA AUTONOMĂ MONITORUL OFICIAL,427282,Stăncescu Andreea,Membru CA/CS,"1 5,716",,15716.0,0.0
4,CAMERA DEPUTATILOR,REGIA AUTONOMĂ MONITORUL OFICIAL,427282,Răceu Ioan,Membru CA/CS,"1 5,716",,15716.0,0.0
4,CAMERA DEPUTATILOR,REGIA AUTONOMĂ MONITORUL OFICIAL,427282,Turtureanu Ana,Membru CA/CS,"1 5,716",,15716.0,0.0
4,CAMERA DEPUTATILOR,REGIA AUTONOMĂ MONITORUL OFICIAL,427282,Costescu Adriana,Membru CA/CS,"4 7,100",,47100.0,0.0
4,CAMERA DEPUTATILOR,REGIA AUTONOMĂ MONITORUL OFICIAL,427282,Costescu Adriana,Director/directorat,"4 7,100",,47100.0,0.0
5,AUTORITATEA PENTRU ADMINISTRAREA ACTIVELOR STATULUI,SOCIETATEA DE STRATEGIE PENTRU PIAȚA DE GROS,8359779,Teleasa Ion-Adrian,Membru CA/CS,150,"1,800",150.0,1800.0
5,AUTORITATEA PENTRU ADMINISTRAREA ACTIVELOR STATULUI,SOCIETATEA DE STRATEGIE PENTRU PIAȚA DE GROS,8359779,Iancu Lorena,Membru CA/CS,150,"1,800",150.0,1800.0
5,AUTORITATEA PENTRU ADMINISTRAREA ACTIVELOR STATULUI,SOCIETATEA DE STRATEGIE PENTRU PIAȚA DE GROS,8359779,Druga Marian,Membru CA/CS,,,0.0,0.0
5,AUTORITATEA PENTRU ADMINISTRAREA ACTIVELOR STATULUI,SOCIETATEA DE STRATEGIE PENTRU PIAȚA DE GROS,8359779,Druga Marian,Director/directorat,150,"1,800",150.0,1800.0
6,AUTORITATEA PENTRU ADMINISTRAREA ACTIVELOR STATULUI,AGROMEC ICLOD,7638244,Insolventa/Diverse,Insolventa/Diverse,Insolventa/Diverse,litigiu,0.0,0.0
7,AUTORITATEA PENTRU ADMINISTRAREA ACTIVELOR STATULUI,CRIZANTEMA COM,361358,Insolventa/Diverse,Insolventa/Diverse,Insolventa/Diverse,dizolvare,0.0,0.0
8,AUTORITATEA PENTRU ADMINISTRAREA ACTIVELOR STATULUI,AGROMEC MOLDOVA NOUA,1074251,Insolventa/Diverse,Insolventa/Diverse,Insolventa/Diverse,nu mai aplica OUG109,0.0,109.0
9,AUTORITATEA PENTRU ADMINISTRAREA ACTIVELOR STATULUI,ACTIVE CONEXE,31029694,Bruma Vasile,Membru CA/CS,"4,071","48,852",4071.0,48852.0
,AUTORITATEA PENTRU ADMINISTRAREA ACTIVELOR STATULUI,ACTIVE CONEXE,31029694,Dumitru Alin - Nicolae,Membru CA/CS,"4,071","48,852",4071.0,48852.0
9,AUTORITATEA PENTRU ADMINISTRAREA ACTIVELOR STATULUI,ACTIVE CONEXE,31029694,Ilie Mihai,Membru CA/CS,"4,071","48,852",4071.0,48852.0
9,AUTORITATEA PENTRU ADMINISTRAREA ACTIVELOR STATULUI,ACTIVE CONEXE,31029694,Vintilescu Daniela,Membru CA/CS,"4,071","48,852",4071.0,48852.0
9,AUTORITATEA PENTRU ADMINISTRAREA ACTIVELOR STATULUI,ACTIVE CONEXE,31029694,Bivol Daniel,Director/directorat,"17,093","205,116",17093.0,205116.0
9,AUTORITATEA PENTRU ADMINISTRAREA ACTIVELOR STATULUI,ACTIVE CONEXE,31029694,Karstensen Irina Elena,Director/directorat,"14,050","168,600",14050.0,168600.0
10,AUTORITATEA PENTRU ADMINISTRAREA ACTIVELOR STATULUI,ARCADIA 2000,11369861,Alexandrescu Florin-Cristian,Membru CA/CS,"2,359","28,308",2359.0,28308.0
10,AUTORITATEA PENTRU ADMINISTRAREA ACTIVELOR STATULUI,ARCADIA 2000,11369861,Bruma Vasile,Membru CA/CS,"2,359","28,308",2359.0,28308.0
10,AUTORITATEA PENTRU ADMINISTRAREA ACTIVELOR STATULUI,ARCADIA 2000,11369861,Serban Ionut,Membru CA/CS,"2,359","28,308",2359.0,28308.0
10,AUTORITATEA PENTRU ADMINISTRAREA ACTIVELOR STATULUI,ARCADIA 2000,11369861,Stanciu Tiberiu,Membru CA/CS,"2,359","28,308",2359.0,28308.0
10,AUTORITATEA PENTRU ADMINISTRAREA ACTIVELOR STATULUI,ARCADIA 2000,11369861,Petcu Sorin,Membru CA/CS,,,0.0,0.0
10,AUTORITATEA PENTRU ADMINISTRAREA ACTIVELOR STATULUI,ARCADIA 2000,11369861,Petcu Sorin,Director/directorat,"6,837","82,044",6837.0,82044.0
11,AUTORITATEA PENTRU ADMINISTRAREA ACTIVELOR STATULUI,EUROTEST,360557,Topor Elena-Daniela,Membru CA/CS,"2,769","33,228",2769.0,33228.0
11,AUTORITATEA PENTRU ADMINISTRAREA ACTIVELOR STATULUI,EUROTEST,360557,Pana Traian,Membru CA/CS,"2,769","33,228",2769.0,33228.0
11,AUTORITATEA PENTRU ADMINISTRAREA ACTIVELOR STATULUI,EUROTEST,360557,Stanciu Tiberiu,Membru CA/CS,"2,769","33,228",2769.0,33228.0
11,AUTORITATEA PENTRU ADMINISTRAREA ACTIVELOR STATULUI,EUROTEST,360557,Ionescu Dumitru-Viorel,Director/directorat,"18,700","224,400",18700.0,224400.0
12,AUTORITATEA PENTRU ADMINISTRAREA ACTIVELOR STATULUI,RADIOACTIV MINERAL MAGURELE,16695222,Suta Ion,Membru CA/CS,"5,128","61,536",5128.0,61536.0
12,AUTORITATEA PENTRU ADMINISTRAREA ACTIVELOR STATULUI,RADIOACTIV MINERAL MAGURELE,16695222,Danda-Zavoian Camelia,Membru CA/CS,"5,128","61,536",5128.0,61536.0
12,AUTORITATEA PENTRU ADMINISTRAREA ACTIVELOR STATULUI,RADIOACTIV MINERAL MAGURELE,16695222,Popescu Adrian,Membru CA/CS,"5,128","61,536",5128.0,61536.0
,AGENTIA DOMENIILOR STATULUI,AGROPRODCOM ODORHEIU SECUIESC,524277,Kosa Imola,Membru CA/CS,300,,300.0,0.0
18,AGENTIA DOMENIILOR STATULUI,AGROPRODCOM ODORHEIU SECUIESC,524277,Nagy Eva,Membru CA/CS,3 00,,300.0,0.0
18,AGENTIA DOMENIILOR STATULUI,AGROPRODCOM ODORHEIU SECUIESC,524277,Bazon Daniel,Membru CA/CS,300,,300.0,0.0
19,AGENTIA DOMENIILOR STATULUI,AGROPRODCOM LĂZAREA,496401,Len Emil,Membru CA/CS,3 00,,300.0,0.0
19,AGENTIA DOMENIILOR STATULUI,AGROPRODCOM LĂZAREA,496401,Neculae Florin,Membru CA/CS,3 00,,300.0,0.0
20,MINISTERUL FINANTELOR,COMPANIA NAȚIONALĂ ”IMPRIMERIA NAȚIONALĂ”,2779625,Bomboe Carmen - Andreea,Membru CA/CS,"13,350",,13350.0,0.0
20,MINISTERUL FINANTELOR,COMPANIA NAȚIONALĂ ”IMPRIMERIA NAȚIONALĂ”,2779625,Coman Eduard -Valentin,Membru CA/CS,"13,350",,13350.0,0.0
20,MINISTERUL FINANTELOR,COMPANIA NAȚIONALĂ ”IMPRIMERIA NAȚIONALĂ”,2779625,Turcanu Daniela - Anca,Membru CA/CS,"13,350",,13350.0,0.0
20,MINISTERUL FINANTELOR,COMPANIA NAȚIONALĂ ”IMPRIMERIA NAȚIONALĂ”,2779625,Moraru Liviu-Alexandru,Membru CA/CS,"13,350",,13350.0,0.0
20,MINISTERUL FINANTELOR,COMPANIA NAȚIONALĂ ”IMPRIMERIA NAȚIONALĂ”,2779625,Păpălă Victor - Daniel*,Membru CA/CS,"13,350",,13350.0,0.0
20,MINISTERUL FINANTELOR,COMPANIA NAȚIONALĂ ”IMPRIMERIA NAȚIONALĂ”,2779625,Preoteasa Claudiu - Tudorel,Membru CA/CS,"13,350",,13350.0,0.0
20,MINISTERUL FINANTELOR,COMPANIA NAȚIONALĂ ”IMPRIMERIA NAȚIONALĂ”,2779625,Balazs - Leszai Orsolya,Membru CA/CS,"13,350",,13350.0,0.0
20,MINISTERUL FINANTELOR,COMPANIA NAȚIONALĂ ”IMPRIMERIA NAȚIONALĂ”,2779625,Sorin Toader,Director/directorat,"40,946",,40946.0,0.0
20,MINISTERUL FINANTELOR,COMPANIA NAȚIONALĂ ”IMPRIMERIA NAȚIONALĂ”,2779625,Nicolae Tudor,Director/directorat,"39,446",,39446.0,0.0
21,MINISTERUL FINANTELOR,FONDUL NAȚIONAL DE GARANTARE A CREDITELOR PENTRU INTREPRINDERILE MICI ȘI MIJLOCII,14367083,7 Poziții Vacante În Ca,Membru CA/CS,"12,946",,12946.0,0.0
21,MINISTERUL FINANTELOR,FONDUL NAȚIONAL DE GARANTARE A CREDITELOR PENTRU INTREPRINDERILE MICI ȘI MIJLOCII,14367083,Vacant,Membru CA/CS,"19,246",,19246.0,0.0
21,MINISTERUL FINANTELOR,FONDUL NAȚIONAL DE GARANTARE A CREDITELOR PENTRU INTREPRINDERILE MICI ȘI MIJLOCII,14367083,Cătălin Leonte,Director/directorat,"45,968",,45968.0,0.0
21,MINISTERUL FINANTELOR,FONDUL NAȚIONAL DE GARANTARE A CREDITELOR PENTRU INTREPRINDERILE MICI ȘI MIJLOCII,14367083,Daniel-Ionuț Stavre,Director/directorat,"33,199",,33199.0,0.0
,MINISTERUL FINANTELOR,FONDUL NAȚIONAL DE GARANTARE A CREDITELOR PENTRU INTREPRINDERILE MICI ȘI MIJLOCII,14367083,Cosmin-Silviu Baiu,Director/directorat,"21,800",,21800.0,0.0
22,MINISTERUL FINANTELOR,FONDUL ROMÂN DE CONTRAGARANTARE,26308846,Crăciun Rada Cosmina,Membru CA/CS,"12,600",,12600.0,0.0
22,MINISTERUL FINANTELOR,FONDUL ROMÂN DE CONTRAGARANTARE,26308846,Stănică Nicolae Cristian,Membru CA/CS,"18,900",,18900.0,0.0
22,MINISTERUL FINANTELOR,FONDUL ROMÂN DE CONTRAGARANTARE,26308846,Gurguiatu Elena,Membru CA/CS,"12,600",,12600.0,0.0
22,MINISTERUL FINANTELOR,FONDUL ROMÂN DE CONTRAGARANTARE,26308846,Simion Roxana Andreea,Membru CA/CS,"12,600",,12600.0,0.0
22,MINISTERUL FINANTELOR,FONDUL ROMÂN DE CONTRAGARANTARE,26308846,Vacant,Membru CA/CS,"12,600",,12600.0,0.0
22,MINISTERUL FINANTELOR,FONDUL ROMÂN DE CONTRAGARANTARE,26308846,Juhasz Jacint Attila,Membru CA/CS,"12,600",,12600.0,0.0
22,MINISTERUL FINANTELOR,FONDUL ROMÂN DE CONTRAGARANTARE,26308846,Varga Csaba,Membru CA/CS,"12,600",,12600.0,0.0
22,MINISTERUL FINANTELOR,FONDUL ROMÂN DE CONTRAGARANTARE,26308846,Andreea Laura Săndulescu,D  i r e  c  t o  r /  d  i r e  c  t o  r a  t,"26,460",,26460.0,0.0
22,MINISTERUL FINANTELOR,FONDUL ROMÂN DE CONTRAGARANTARE,26308846,Andreea - Magdalena Surcel,Director/directorat,"25,200",,25200.0,0.0
23,MINISTERUL FINANTELOR,FONDUL LOCAL DE GARANTARE FOCȘANI IFN SA- Filiala FNGCIMM,18265884,Marioara Nițu,Membru CA/CS,"2,300",,2300.0,0.0
23,MINISTERUL FINANTELOR,FONDUL LOCAL DE GARANTARE FOCȘANI IFN SA- Filiala FNGCIMM,18265884,Sterica Fudulea,Membru CA/CS,"2,300",,2300.0,0.0
23,MINISTERUL FINANTELOR,FONDUL LOCAL DE GARANTARE FOCȘANI IFN SA- Filiala FNGCIMM,18265884,Mirela Gavrilaș,Membru CA/CS,"2,300",,2300.0,0.0
23,MINISTERUL FINANTELOR,FONDUL LOCAL DE GARANTARE FOCȘANI IFN SA- Filiala FNGCIMM,18265884,Ionica Burla,Director/directorat,"15,342",,15342.0,0.0
23,MINISTERUL FINANTELOR,FONDUL LOCAL DE GARANTARE FOCȘANI IFN SA- Filiala FNGCIMM,18265884,Ovidiu Mihai Munteanu,Director/directorat,"10,100",,10100.0,0.0
24,MINISTERUL FINANTELOR,FONDUL DE GARANTARE A CREDITULUI RURAL - IFN SA,5439903,Insolventa/Diverse,,,,0.0,0.0
25,SECRETARIATUL GENERAL AL GUVERNULUI,Societatea Naţională de Transport Gaze Naturale TRANSGAZ,13068733,Minea Nicolae,Membru CA/CS,"17,674",,17674.0,0.0
25,SECRETARIATUL GENERAL AL GUVERNULUI,Societatea Naţională de Transport Gaze Naturale TRANSGAZ,13068733,Von Derenthall Ilinca,Membru CA/CS,"17,674",,17674.0,0.0
,SECRETARIATUL GENERAL AL GUVERNULUI,Societatea Comercială Operatorul Pieței de Energie Electrică și de Gaze Naturale din România OPCOM,13278352,Veronica Soare,Membru CA/CS,"7,930",,7930.0,0.0
27,SECRETARIATUL GENERAL AL GUVERNULUI,Societatea Comercială Operatorul Pieței de Energie Electrică și de Gaze Naturale din România OPCOM,13278352,Alin Ene,Membru CA/CS,"7,930",,7930.0,0.0
27,SECRETARIATUL GENERAL AL GUVERNULUI,Societatea Comercială Operatorul Pieței de Energie Electrică și de Gaze Naturale din România OPCOM,13278352,Teodor Cojocaru,Membru CA/CS,"7,930",,7930.0,0.0
27,SECRETARIATUL GENERAL AL GUVERNULUI,Societatea Comercială Operatorul Pieței de Energie Electrică și de Gaze Naturale din România OPCOM,13278352,Cristina Șetran,Director/directorat,"5 5,883",,55883.0,0.0
28,SECRETARIATUL GENERAL AL GUVERNULUI,Societatea de Mentenanță a Rețelei de Transport SMART,14232728,Raluca Cristina Ispir,Membru CA/CS,"1 6,000",,16000.0,0.0
28,SECRETARIATUL GENERAL AL GUVERNULUI,Societatea de Mentenanță a Rețelei de Transport SMART,14232728,Gheorghe Bolintineanu,Membru CA/CS,"1 6,000",,16000.0,0.0
28,SECRETARIATUL GENERAL AL GUVERNULUI,Societatea de Mentenanță a Rețelei de Transport SMART,14232728,Decebal Băescu,Membru CA/CS,"1 6,000",,16000.0,0.0
28,SECRETARIATUL GENERAL AL GUVERNULUI,Societatea de Mentenanță a Rețelei de Transport SMART,14232728,Ion Bucur,Membru CA/CS,"1 6,000",,16000.0,0.0
28,SECRETARIATUL GENERAL AL GUVERNULUI,Societatea de Mentenanță a Rețelei de Transport SMART,14232728,Adrian-Cristian Constantin,Membru CA/CS,"1 6,000",,16000.0,0.0
28,SECRETARIATUL GENERAL AL GUVERNULUI,Societatea de Mentenanță a Rețelei de Transport SMART,14232728,Gheorghe Bolintineanu,Director/directorat,"5 2,656",,52656.0,0.0
29,SECRETARIATUL GENERAL AL GUVERNULUI,Societatea pentru Servicii de Telecomunicaţii şi Tehnologia Informaţiei în Reţele Electrice de Transport TELETRANS,15061510,Victor Andrei Dimitriu,Membru CA/CS,"1 6,000",,16000.0,0.0
29,SECRETARIATUL GENERAL AL GUVERNULUI,Societatea pentru Servicii de Telecomunicaţii şi Tehnologia Informaţiei în Reţele Electrice de Transport TELETRANS,15061510,Decebal Băescu,Membru CA/CS,"1 6,000",,16000.0,0.0
29,SECRETARIATUL GENERAL AL GUVERNULUI,Societatea pentru Servicii de Telecomunicaţii şi Tehnologia Informaţiei în Reţele Electrice de Transport TELETRANS,15061510,Liviu Călin Butnariu,Membru CA/CS,"1 6,000",,16000.0,0.0
29,SECRETARIATUL GENERAL AL GUVERNULUI,Societatea pentru Servicii de Telecomunicaţii şi Tehnologia Informaţiei în Reţele Electrice de Transport TELETRANS,15061510,Băescu Decebal,Director/directorat,"6 7,956",,67956.0,0.0
29,SECRETARIATUL GENERAL AL GUVERNULUI,Societatea pentru Servicii de Telecomunicaţii şi Tehnologia Informaţiei în Reţele Electrice de Transport TELETRANS,15061510,Mârza Florin Nicolae,Director/directorat,"6 2,293",,62293.0,0.0
30,SECRETARIATUL GENERAL AL GUVERNULUI,FORMENERG,14529126,Alia Mekkaoui,Membru CA/CS,"3,900",,3900.0,0.0
30,SECRETARIATUL GENERAL AL GUVERNULUI,FORMENERG,14529126,Vasile-Marius Morariu,Membru CA/CS,"3,900",,3900.0,0.0
30,SECRETARIATUL GENERAL AL GUVERNULUI,FORMENERG,14529126,Daniel Balaci,Membru CA/CS,"3,900",,3900.0,0.0
,SECRETARIATUL GENERAL AL GUVERNULUI,Regia Autonomă Administrația Patrimoniului Protocolului de Stat (R.A.-A.P.P.S.),2351555,Crîngaşu Daniela,Membru CA/CS,"20,512",,20512.0,0.0
31,SECRETARIATUL GENERAL AL GUVERNULUI,Regia Autonomă Administrația Patrimoniului Protocolului de Stat (R.A.-A.P.P.S.),2351555,Condrea Dragos,Membru CA/CS,"20,512",,20512.0,0.0
31,SECRETARIATUL GENERAL AL GUVERNULUI,Regia Autonomă Administrația Patrimoniului Protocolului de Stat (R.A.-A.P.P.S.),2351555,Dragota Laura Raluca Alina,Membru CA/CS,"20,512",,20512.0,0.0
31,SECRETARIATUL GENERAL AL GUVERNULUI,Regia Autonomă Administrația Patrimoniului Protocolului de Stat (R.A.-A.P.P.S.),2351555,Mitu Anca,Membru CA/CS,"20,512",,20512.0,0.0
31,SECRETARIATUL GENERAL AL GUVERNULUI,Regia Autonomă Administrația Patrimoniului Protocolului de Stat (R.A.-A.P.P.S.),2351555,Grăjdan Marius,Membru CA/CS,,,0.0,0.0
31,SECRETARIATUL GENERAL AL GUVERNULUI,Regia Autonomă Administrația Patrimoniului Protocolului de Stat (R.A.-A.P.P.S.),2351555,Grăjdan Marius,Director/directorat,"41,027",,41027.0,0.0
32,SECRETARIATUL GENERAL AL GUVERNULUI,TRANSPORT ROMANIA HIDROGEN S.R.L.,50346389,Insolventa/Diverse,Insolventa/Diverse,Intrerupere activitate,Intrerupere activitate,0.0,0.0
33,"MINISTERUL MEDIULUI, APELOR SI PADURILOR",Administrația Națională de Meteorologie RA,11672708,Teodor Dulceata,Membru CA/CS,"8,700",,8700.0,0.0
33,"MINISTERUL MEDIULUI, APELOR SI PADURILOR",Administrația Națională de Meteorologie RA,11672708,Bruma Vasile,Membru CA/CS,"8,700",,8700.0,0.0
33,"MINISTERUL MEDIULUI, APELOR SI PADURILOR",Administrația Națională de Meteorologie RA,11672708,Arat Oana,Membru CA/CS,"8,700",,8700.0,0.0
33,"MINISTERUL MEDIULUI, APELOR SI PADURILOR",Administrația Națională de Meteorologie RA,11672708,Tudose Mariana,Membru CA/CS,"8,700",,8700.0,0.0
33,"MINISTERUL MEDIULUI, APELOR SI PADURILOR",Administrația Națională de Meteorologie RA,11672708,Elena Mateescu,Director/directorat,"3 8,000",,38000.0,0.0
33,"MINISTERUL MEDIULUI, APELOR SI PADURILOR",Administrația Națională de Meteorologie RA,11672708,Florinela Georgescu,Director/directorat,"2 7,500",,27500.0,0.0
33,"MINISTERUL MEDIULUI, APELOR SI PADURILOR",Administrația Națională de Meteorologie RA,11672708,Rodica Dumitrache,Director/directorat,"27,500",,27500.0,0.0
33,"MINISTERUL MEDIULUI, APELOR SI PADURILOR",Administrația Națională de Meteorologie RA,11672708,Catalin Ostroveanu,Director/directorat,"2 7,500",,27500.0,0.0
33,"MINISTERUL MEDIULUI, APELOR SI PADURILOR",Administrația Națională de Meteorologie RA,11672708,Mircea Catalin Florin,Director/directorat,"3 0,000",,30000.0,0.0
34,"MINISTERUL MEDIULUI, APELOR SI PADURILOR",REGIA NAȚIONALĂ A PĂDURILOR-ROMSILVA,1590120,Apostu Adrian-Dănuț,Membru CA/CS,"1 2,464",,12464.0,0.0
34,"MINISTERUL MEDIULUI, APELOR SI PADURILOR",REGIA NAȚIONALĂ A PĂDURILOR-ROMSILVA,1590120,Nedelcu Corvin,Membru CA/CS,"1 2,464",,12464.0,0.0
,"MINISTERUL MEDIULUI, APELOR SI PADURILOR",REGIA NAȚIONALĂ A PĂDURILOR-ROMSILVA,1590120,Lupu Constantin-Codrin,Membru CA/CS,"1 2,464",,12464.0,0.0
34,"MINISTERUL MEDIULUI, APELOR SI PADURILOR",REGIA NAȚIONALĂ A PĂDURILOR-ROMSILVA,1590120,Ciobanu Sorin Călin,Membru CA/CS,"1 2,464",,12464.0,0.0
34,"MINISTERUL MEDIULUI, APELOR SI PADURILOR",REGIA NAȚIONALĂ A PĂDURILOR-ROMSILVA,1590120,Chiriloiu Armand,Membru CA/CS,"1 2,464",,12464.0,0.0
34,"MINISTERUL MEDIULUI, APELOR SI PADURILOR",REGIA NAȚIONALĂ A PĂDURILOR-ROMSILVA,1590120,Sîiulescu Marius-Dan,Director/directorat,23316/46632,,2331646632.0,0.0
35,Administratia Nationala Apele Romane,EXPLOATARE SISTEM ZONAL PRAHOVA,18856244,Adam Relu,Membru CA/CS,"1 4,832",,14832.0,0.0
35,Administratia Nationala Apele Romane,EXPLOATARE SISTEM ZONAL PRAHOVA,18856244,Banciu Ionuț-Sorin,Membru CA/CS,"1 4,832",,14832.0,0.0
35,Administratia Nationala Apele Romane,EXPLOATARE SISTEM ZONAL PRAHOVA,18856244,Dănilă Alin-Mihael,Membru CA/CS,"1 4,832",,14832.0,0.0
35,Administratia Nationala Apele Romane,EXPLOATARE SISTEM ZONAL PRAHOVA,18856244,Dragomir Oana Silvia,Membru CA/CS,"1 4,832",,14832.0,0.0
35,Administratia Nationala Apele Romane,EXPLOATARE SISTEM ZONAL PRAHOVA,18856244,Molnar Ervin,Membru CA/CS,"1 4,832",,14832.0,0.0
35,Administratia Nationala Apele Romane,EXPLOATARE SISTEM ZONAL PRAHOVA,18856244,Popescu Elena,Membru CA/CS,"1 4,832",,14832.0,0.0
35,Administratia Nationala Apele Romane,EXPLOATARE SISTEM ZONAL PRAHOVA,18856244,Ștefan Valentin Laurențiu,Membru CA/CS,"1 4,832",,14832.0,0.0
35,Administratia Nationala Apele Romane,EXPLOATARE SISTEM ZONAL PRAHOVA,18856244,Chițescu Ștefan Bogdan,Director/directorat,"3 4,149",,34149.0,0.0
35,Administratia Nationala Apele Romane,EXPLOATARE SISTEM ZONAL PRAHOVA,18856244,Hodorog Gabriela,Director/directorat,"2 6,000",,26000.0,0.0
36,MINISTERUL TRANSPORTURILOR SI INFRASTRUCTURII,Societatea TELECOMUNICAȚII CFR,15034095,Bălan Jean Florin,Membru CA/CS,"1 1,457",,11457.0,0.0
36,MINISTERUL TRANSPORTURILOR SI INFRASTRUCTURII,Societatea TELECOMUNICAȚII CFR,15034095,Mureșan Claudiu Marinel,Membru CA/CS,"1 1,457",,11457.0,0.0
36,MINISTERUL TRANSPORTURILOR SI INFRASTRUCTURII,Societatea TELECOMUNICAȚII CFR,15034095,Ardelean Felix Corneliu,Membru CA/CS,"1 1,457",,11457.0,0.0
36,MINISTERUL TRANSPORTURILOR SI INFRASTRUCTURII,Societatea TELECOMUNICAȚII CFR,15034095,Timiș Iuliana Adriana,Director/directorat,"3 3,977",,33977.0,0.0
36,MINISTERUL TRANSPORTURILOR SI INFRASTRUCTURII,Societatea TELECOMUNICAȚII CFR,15034095,Simion Melania Oana,Director/directorat,"2 4,000",,24000.0,0.0
,MINISTERUL TRANSPORTURILOR SI INFRASTRUCTURII,Compania Națională de Transporturi Aeriene Române - TAROM,477647,Bârcă Iuliana Cristina,Membru CA/CS,"2 4,148",,24148.0,0.0
37,MINISTERUL TRANSPORTURILOR SI INFRASTRUCTURII,Compania Națională de Transporturi Aeriene Române - TAROM,477647,Boagiu Anca Daniela,Membru CA/CS,"2 4,148",,24148.0,0.0
37,MINISTERUL TRANSPORTURILOR SI INFRASTRUCTURII,Compania Națională de Transporturi Aeriene Române - TAROM,477647,Săsărman Monica,Membru CA/CS,"2 4,148",,24148.0,0.0
37,MINISTERUL TRANSPORTURILOR SI INFRASTRUCTURII,Compania Națională de Transporturi Aeriene Române - TAROM,477647,Marcu Mirel Alexandru,Membru CA/CS,"2 4,148",,24148.0,0.0
37,MINISTERUL TRANSPORTURILOR SI INFRASTRUCTURII,Compania Națională de Transporturi Aeriene Române - TAROM,477647,Ursu Mihăiță,Membru CA/CS,"2 4,148",,24148.0,0.0
37,MINISTERUL TRANSPORTURILOR SI INFRASTRUCTURII,Compania Națională de Transporturi Aeriene Române - TAROM,477647,Idolu Iulian Daniel,Membru CA/CS,"2 4,148",,24148.0,0.0
37,MINISTERUL TRANSPORTURILOR SI INFRASTRUCTURII,Compania Națională de Transporturi Aeriene Române - TAROM,477647,Iordache Costin Ionuț,Director/directorat,"3 7,000",,37000.0,0.0
37,MINISTERUL TRANSPORTURILOR SI INFRASTRUCTURII,Compania Națională de Transporturi Aeriene Române - TAROM,477647,Narcis Obeadă,Director/directorat,"3 6,131",,36131.0,0.0
37,MINISTERUL TRANSPORTURILOR SI INFRASTRUCTURII,Compania Națională de Transporturi Aeriene Române - TAROM,477647,Farcaș Dorian,Director/directorat,"3 6,131",,36131.0,0.0
38,MINISTERUL TRANSPORTURILOR SI INFRASTRUCTURII,Compania Națională Aeroporturi București,26490194,Mihălțan Cosmin Florin,Membru CA/CS,"6 9,840",,69840.0,0.0
38,MINISTERUL TRANSPORTURILOR SI INFRASTRUCTURII,Compania Națională Aeroporturi București,26490194,Bunduc Constantin Gabriel,Membru CA/CS,"6 9,840",,69840.0,0.0
38,MINISTERUL TRANSPORTURILOR SI INFRASTRUCTURII,Compania Națională Aeroporturi București,26490194,Bârchi Elena Mirela,Membru CA/CS,"6 9,840",,69840.0,0.0
38,MINISTERUL TRANSPORTURILOR SI INFRASTRUCTURII,Compania Națională Aeroporturi București,26490194,Bachide Eduard,Membru CA/CS,"6 9,840",,69840.0,0.0
38,MINISTERUL TRANSPORTURILOR SI INFRASTRUCTURII,Compania Națională Aeroporturi București,26490194,Bumbac Georgeta,Membru CA/CS,"6 9,840",,69840.0,0.0
38,MINISTERUL TRANSPORTURILOR SI INFRASTRUCTURII,Compania Națională Aeroporturi București,26490194,Diaconu Cătălin - Reprezentant Fondul Proprietatea,Membru CA/CS,"6 9,840",,69840.0,0.0
38,MINISTERUL TRANSPORTURILOR SI INFRASTRUCTURII,Compania Națională Aeroporturi București,26490194,Bulgaru Gabriel,Director/directorat,"6 9,723",,69723.0,0.0
39,MINISTERUL TRANSPORTURILOR SI INFRASTRUCTURII,Societatea Grup Exploatare şi Întreţinere Palat C.F.R.,14893410,Olteanu Adrian,Membru CA/CS,"6,978",,6978.0,0.0
39,MINISTERUL TRANSPORTURILOR SI INFRASTRUCTURII,Societatea Grup Exploatare şi Întreţinere Palat C.F.R.,14893410,Barbu Nelu Vasile,Membru CA/CS,"6,978",,6978.0,0.0
,MINISTERUL TRANSPORTURILOR SI INFRASTRUCTURII,Societatea Grup Exploatare şi Întreţinere Palat C.F.R.,14893410,Osman Akan,Membru CA/CS,"6,978",,6978.0,0.0
39,MINISTERUL TRANSPORTURILOR SI INFRASTRUCTURII,Societatea Grup Exploatare şi Întreţinere Palat C.F.R.,14893410,Turmac George Adrian,Membru CA/CS,"6,978",,6978.0,0.0
39,MINISTERUL TRANSPORTURILOR SI INFRASTRUCTURII,Societatea Grup Exploatare şi Întreţinere Palat C.F.R.,14893410,Purcăreață Valentin,Membru CA/CS,"6,978",,6978.0,0.0
39,MINISTERUL TRANSPORTURILOR SI INFRASTRUCTURII,Societatea Grup Exploatare şi Întreţinere Palat C.F.R.,14893410,Săcăreanu Vlad,Director/directorat,"2 8,000",,28000.0,0.0
40,MINISTERUL TRANSPORTURILOR SI INFRASTRUCTURII,Compania Națională Administrația Porturilor Dunării Fluviale Giurgiu,1284717,Măroiu Marian,Director/directorat,"2 9,000",,29000.0,0.0
40,MINISTERUL TRANSPORTURILOR SI INFRASTRUCTURII,Compania Națională Administrația Porturilor Dunării Fluviale Giurgiu,1284717,Năvală Steluța Petronela,Director/directorat,"2 4,000",,24000.0,0.0
40,MINISTERUL TRANSPORTURILOR SI INFRASTRUCTURII,Compania Națională Administrația Porturilor Dunării Fluviale Giurgiu,1284717,Lixandru Valentin Ștefan,Director/directorat,"1 4,060",,14060.0,0.0
40,MINISTERUL TRANSPORTURILOR SI INFRASTRUCTURII,Compania Națională Administrația Porturilor Dunării Fluviale Giurgiu,1284717,Cojocaru Nicu Alexandru,Director/directorat,"1 4,060",,14060.0,0.0
40,MINISTERUL TRANSPORTURILOR SI INFRASTRUCTURII,Compania Națională Administrația Porturilor Dunării Fluviale Giurgiu,1284717,Oprea Manuel- Florin,Membru CA/CS,"5,100",,5100.0,0.0
40,MINISTERUL TRANSPORTURILOR SI INFRASTRUCTURII,Compania Națională Administrația Porturilor Dunării Fluviale Giurgiu,1284717,Nemțescu Cristian Constantin,Membru CA/CS,"5,100",,5100.0,0.0
40,MINISTERUL TRANSPORTURILOR SI INFRASTRUCTURII,Compania Națională Administrația Porturilor Dunării Fluviale Giurgiu,1284717,Simion Lucian Eduard,Membru CA/CS,"5,100",,5100.0,0.0
40,MINISTERUL TRANSPORTURILOR SI INFRASTRUCTURII,Compania Națională Administrația Porturilor Dunării Fluviale Giurgiu,1284717,Haschka Luiza Mihaela,Membru CA/CS,"5,100",,5100.0,0.0
40,MINISTERUL TRANSPORTURILOR SI INFRASTRUCTURII,Compania Națională Administrația Porturilor Dunării Fluviale Giurgiu,1284717,Basangiac Constantin,Membru CA/CS,"5,100",,5100.0,0.0
40,MINISTERUL TRANSPORTURILOR SI INFRASTRUCTURII,Compania Națională Administrația Porturilor Dunării Fluviale Giurgiu,1284717,Popescu Mitică,Membru CA/CS,"5,100",,5100.0,0.0
40,MINISTERUL TRANSPORTURILOR SI INFRASTRUCTURII,Compania Națională Administrația Porturilor Dunării Fluviale Giurgiu,1284717,Costea Ionuț,Membru CA/CS,"5,100",,5100.0,0.0
41,MINISTERUL TRANSPORTURILOR SI INFRASTRUCTURII,Compania Națională Administratia Canalelor Navigabile,11087755,Bumbac Georgeta,Membru CA/CS,"1 2,212",,12212.0,0.0
41,MINISTERUL TRANSPORTURILOR SI INFRASTRUCTURII,Compania Națională Administratia Canalelor Navigabile,11087755,Voicu Ion Laurențiu,Membru CA/CS,"1 2,212",,12212.0,0.0
41,MINISTERUL TRANSPORTURILOR SI INFRASTRUCTURII,Compania Națională Administratia Canalelor Navigabile,11087755,Cheța Voicu,Membru CA/CS,"1 2,212",,12212.0,0.0
,MINISTERUL TRANSPORTURILOR SI INFRASTRUCTURII,"Societatea Naţională de Transport Feroviar de Marfă ""CFR Marfă""",11054537,Diaconescu Radu,Membru CA/CS,"2,790",,2790.0,0.0
46,MINISTERUL TRANSPORTURILOR SI INFRASTRUCTURII,"Societatea Naţională de Transport Feroviar de Marfă ""CFR Marfă""",11054537,Krall Mazilu Ion,Membru CA/CS,"2,790",,2790.0,0.0
46,MINISTERUL TRANSPORTURILOR SI INFRASTRUCTURII,"Societatea Naţională de Transport Feroviar de Marfă ""CFR Marfă""",11054537,Șerbănescu Valentina,Membru CA/CS,"2,790",,2790.0,0.0
46,MINISTERUL TRANSPORTURILOR SI INFRASTRUCTURII,"Societatea Naţională de Transport Feroviar de Marfă ""CFR Marfă""",11054537,Anoaica Dragoș,Membru CA/CS,"2,790",,2790.0,0.0
46,MINISTERUL TRANSPORTURILOR SI INFRASTRUCTURII,"Societatea Naţională de Transport Feroviar de Marfă ""CFR Marfă""",11054537,Constantin Violeta,Membru CA/CS,"2,790",,2790.0,0.0
47,MINISTERUL TRANSPORTURILOR SI INFRASTRUCTURII,ROFERSPED,9825567,Munteanu Ștefaniță,Membru CA/CS,"5,128",,5128.0,0.0
47,MINISTERUL TRANSPORTURILOR SI INFRASTRUCTURII,ROFERSPED,9825567,Tănăsuică Nicolae - Mugurel,Membru CA/CS,"5,128",,5128.0,0.0
47,MINISTERUL TRANSPORTURILOR SI INFRASTRUCTURII,ROFERSPED,9825567,Godja - Tătar Renata,Membru CA/CS,"5,128",,5128.0,0.0
47,MINISTERUL TRANSPORTURILOR SI INFRASTRUCTURII,ROFERSPED,9825567,Costea Ionuț,Membru CA/CS,"5,128",,5128.0,0.0
47,MINISTERUL TRANSPORTURILOR SI INFRASTRUCTURII,ROFERSPED,9825567,Matei Răzvan - Marian,Membru CA/CS,"5,128",,5128.0,0.0
47,MINISTERUL TRANSPORTURILOR SI INFRASTRUCTURII,ROFERSPED,9825567,Batalu Sorin - Gabriel,Director/directorat,"1 8,804",,18804.0,0.0
48,MINISTERUL TRANSPORTURILOR SI INFRASTRUCTURII,Compania Națională Administrația Porturilor Dunării Maritime SA - Galați,11776466,Girla Laura Daniela,Membru CA/CS,"5,700",,5700.0,0.0
48,MINISTERUL TRANSPORTURILOR SI INFRASTRUCTURII,Compania Națională Administrația Porturilor Dunării Maritime SA - Galați,11776466,Branza Vladut,Membru CA/CS,"5,700",,5700.0,0.0
48,MINISTERUL TRANSPORTURILOR SI INFRASTRUCTURII,Compania Națională Administrația Porturilor Dunării Maritime SA - Galați,11776466,Apostol Roman Picu,Membru CA/CS,"5,700",,5700.0,0.0
48,MINISTERUL TRANSPORTURILOR SI INFRASTRUCTURII,Compania Națională Administrația Porturilor Dunării Maritime SA - Galați,11776466,Mirica Cristian,Membru CA/CS,"5,700",,5700.0,0.0
48,MINISTERUL TRANSPORTURILOR SI INFRASTRUCTURII,Compania Națională Administrația Porturilor Dunării Maritime SA - Galați,11776466,Vasilache Nicusor,Membru CA/CS,"5,700",,5700.0,0.0
48,MINISTERUL TRANSPORTURILOR SI INFRASTRUCTURII,Compania Națională Administrația Porturilor Dunării Maritime SA - Galați,11776466,Munteanu Cristian Eugen,Membru CA/CS,"5,700",,5700.0,0.0
48,MINISTERUL TRANSPORTURILOR SI INFRASTRUCTURII,Compania Națională Administrația Porturilor Dunării Maritime SA - Galați,11776466,Fatu Simona,Membru CA/CS,"5,700",,5700.0,0.0
,MINISTERUL TRANSPORTURILOR SI INFRASTRUCTURII,Compania Națională Administrația Porturilor Dunării Maritime SA - Galați,11776466,Costea Marcela Daniela,Director/directorat,"3 7,176",,37176.0,0.0
49,MINISTERUL TRANSPORTURILOR SI INFRASTRUCTURII,Societatea Națională Aeroportul Internațional Mihail Kogalniceanu - Constanța,11212645,Ardelean Felix-Corneliu,Membru CA/CS,"2 3,280",,23280.0,0.0
49,MINISTERUL TRANSPORTURILOR SI INFRASTRUCTURII,Societatea Națională Aeroportul Internațional Mihail Kogalniceanu - Constanța,11212645,Fatu Simona -Carmen,Membru CA/CS,"2 3,280",,23280.0,0.0
49,MINISTERUL TRANSPORTURILOR SI INFRASTRUCTURII,Societatea Națională Aeroportul Internațional Mihail Kogalniceanu - Constanța,11212645,Mihu Stefan,Membru CA/CS,"2 3,280",,23280.0,0.0
49,MINISTERUL TRANSPORTURILOR SI INFRASTRUCTURII,Societatea Națională Aeroportul Internațional Mihail Kogalniceanu - Constanța,11212645,Monea Gabriel,Membru CA/CS,"2 3,280",,23280.0,0.0
49,MINISTERUL TRANSPORTURILOR SI INFRASTRUCTURII,Societatea Națională Aeroportul Internațional Mihail Kogalniceanu - Constanța,11212645,Teseleanu George,Membru CA/CS,"2 3,280",,23280.0,0.0
49,MINISTERUL TRANSPORTURILOR SI INFRASTRUCTURII,Societatea Națională Aeroportul Internațional Mihail Kogalniceanu - Constanța,11212645,Artagea Bogdan - Ionut,Director/directorat,"2 3,280",,23280.0,0.0
49,MINISTERUL TRANSPORTURILOR SI INFRASTRUCTURII,Societatea Națională Aeroportul Internațional Mihail Kogalniceanu - Constanța,11212645,Acatrinei Horia - Mihail,Director/directorat,"2 3,280",,23280.0,0.0
49,MINISTERUL TRANSPORTURILOR SI INFRASTRUCTURII,Societatea Națională Aeroportul Internațional Mihail Kogalniceanu - Constanța,11212645,Artagea Bogdan - Ionut,Director/directorat,"6 9,840",,69840.0,0.0
49,MINISTERUL TRANSPORTURILOR SI INFRASTRUCTURII,Societatea Națională Aeroportul Internațional Mihail Kogalniceanu - Constanța,11212645,Acatrinei Horia - Mihail,Director/directorat,"6 9,374",,69374.0,0.0
50,MINISTERUL TRANSPORTURILOR SI INFRASTRUCTURII,Compania Nationala de Investitii Rutiere,36727850,Bogdan Pascu,Membru CA/CS,"8,591",,8591.0,0.0
50,MINISTERUL TRANSPORTURILOR SI INFRASTRUCTURII,Compania Nationala de Investitii Rutiere,36727850,Stefan Ionita,Membru CA/CS,"8,591",,8591.0,0.0
50,MINISTERUL TRANSPORTURILOR SI INFRASTRUCTURII,Compania Nationala de Investitii Rutiere,36727850,Catalin Urtoi,Membru CA/CS,"8,591",,8591.0,0.0
50,MINISTERUL TRANSPORTURILOR SI INFRASTRUCTURII,Compania Nationala de Investitii Rutiere,36727850,Marius Sorin Ovidiu Bota,Membru CA/CS,"8,591",,8591.0,0.0
50,MINISTERUL TRANSPORTURILOR SI INFRASTRUCTURII,Compania Nationala de Investitii Rutiere,36727850,Ion Cosmin Petrescu,Membru CA/CS,"8,591",,8591.0,0.0
50,MINISTERUL TRANSPORTURILOR SI INFRASTRUCTURII,Compania Nationala de Investitii Rutiere,36727850,Budescu Gabriel,Membru CA/CS,"8,591",,8591.0,0.0
50,MINISTERUL TRANSPORTURILOR SI INFRASTRUCTURII,Compania Nationala de Investitii Rutiere,36727850,Simion Lucian Eduard,Membru CA/CS,"8,591",,8591.0,0.0
50,MINISTERUL TRANSPORTURILOR SI INFRASTRUCTURII,Compania Nationala de Investitii Rutiere,36727850,Budescu Gabriel,Director/directorat,"4 9,288",,49288.0,0.0
,MINISTERUL TRANSPORTURILOR SI INFRASTRUCTURII,Regia Autonomă REGISTRUL AUTO ROMÂN,1590236,Alina Mihaela Niță,Director/directorat,"6 2,076","62,076",62076.0,62076.0
54,MINISTERUL TRANSPORTURILOR SI INFRASTRUCTURII,Regia Autonomă Administrația Fluvială a Dunării de Jos Galați,1644670,Ivan Angela Stela,Membru CA/CS,"1 1,000",,11000.0,0.0
54,MINISTERUL TRANSPORTURILOR SI INFRASTRUCTURII,Regia Autonomă Administrația Fluvială a Dunării de Jos Galați,1644670,Dumitru Dorian,Membru CA/CS,"1 1,000",,11000.0,0.0
54,MINISTERUL TRANSPORTURILOR SI INFRASTRUCTURII,Regia Autonomă Administrația Fluvială a Dunării de Jos Galați,1644670,Voicu Ion Laurențiu,Membru CA/CS,"1 1,000",,11000.0,0.0
54,MINISTERUL TRANSPORTURILOR SI INFRASTRUCTURII,Regia Autonomă Administrația Fluvială a Dunării de Jos Galați,1644670,Marin Romeo,Membru CA/CS,"1 1,000",,11000.0,0.0
54,MINISTERUL TRANSPORTURILOR SI INFRASTRUCTURII,Regia Autonomă Administrația Fluvială a Dunării de Jos Galați,1644670,Ivan Angela Stela,Director/directorat,"3 6,000",,36000.0,0.0
54,MINISTERUL TRANSPORTURILOR SI INFRASTRUCTURII,Regia Autonomă Administrația Fluvială a Dunării de Jos Galați,1644670,Tănase Felicia,Director/directorat,"3 4,200",,34200.0,0.0
55,MINISTERUL TRANSPORTURILOR SI INFRASTRUCTURII,Regia Autonomă Autoritatea Aeronautică Civilă Română,5205651,Stoica Nicolae Octavian,Director/directorat,55428/110856,"110,856",55428110856.0,110856.0
55,MINISTERUL TRANSPORTURILOR SI INFRASTRUCTURII,Regia Autonomă Autoritatea Aeronautică Civilă Română,5205651,Stoica Nicolae Octavian,Membru CA/CS,,,0.0,0.0
55,MINISTERUL TRANSPORTURILOR SI INFRASTRUCTURII,Regia Autonomă Autoritatea Aeronautică Civilă Română,5205651,Neacsu Mihai,Membru CA/CS,"5 2,890",,52890.0,0.0
55,MINISTERUL TRANSPORTURILOR SI INFRASTRUCTURII,Regia Autonomă Autoritatea Aeronautică Civilă Română,5205651,Mîndrescu Stelian-Bogdan,Membru CA/CS,"5 2,890",,52890.0,0.0
55,MINISTERUL TRANSPORTURILOR SI INFRASTRUCTURII,Regia Autonomă Autoritatea Aeronautică Civilă Română,5205651,Taropa Lucian-Dorel,Membru CA/CS,"5 2,890",,52890.0,0.0
55,MINISTERUL TRANSPORTURILOR SI INFRASTRUCTURII,Regia Autonomă Autoritatea Aeronautică Civilă Română,5205651,Ilea Bogdan George,Membru CA/CS,"5 2,890",,52890.0,0.0
55,MINISTERUL TRANSPORTURILOR SI INFRASTRUCTURII,Regia Autonomă Autoritatea Aeronautică Civilă Română,5205651,Anghel Alexandru,Membru CA/CS,"5 2,890",,52890.0,0.0
55,MINISTERUL TRANSPORTURILOR SI INFRASTRUCTURII,Regia Autonomă Autoritatea Aeronautică Civilă Română,5205651,Eduard Mike,Membru CA/CS,"5 9,553",,59553.0,0.0
56,MINISTERUL TRANSPORTURILOR SI INFRASTRUCTURII,"Compania Națională de Căi Ferate ""C.F.R.""",11054529,Mocanu Mihaela,Membru CA/CS,"24,393","73,179",24393.0,73179.0
56,MINISTERUL TRANSPORTURILOR SI INFRASTRUCTURII,"Compania Națională de Căi Ferate ""C.F.R.""",11054529,Chiper Marian-Marius,Membru CA/CS,"24,393","73,179",24393.0,73179.0
56,MINISTERUL TRANSPORTURILOR SI INFRASTRUCTURII,"Compania Națională de Căi Ferate ""C.F.R.""",11054529,Damian Ion,Membru CA/CS,"24,393","73,179",24393.0,73179.0
,MINISTERUL TRANSPORTURILOR SI INFRASTRUCTURII,"Compania Națională de Căi Ferate ""C.F.R.""",11054529,Mitan Dorin,Membru CA/CS,"24,393","73,179",24393.0,73179.0
56,MINISTERUL TRANSPORTURILOR SI INFRASTRUCTURII,"Compania Națională de Căi Ferate ""C.F.R.""",11054529,Țenea Diana-Doina,Membru CA/CS,"24,393","73,179",24393.0,73179.0
56,MINISTERUL TRANSPORTURILOR SI INFRASTRUCTURII,"Compania Națională de Căi Ferate ""C.F.R.""",11054529,Stoica Marcel-Alexandru,Membru CA/CS,"24,393",,24393.0,0.0
56,MINISTERUL TRANSPORTURILOR SI INFRASTRUCTURII,"Compania Națională de Căi Ferate ""C.F.R.""",11054529,Zamfir Marian,Membru CA/CS,"24,393","73,179",24393.0,73179.0
56,MINISTERUL TRANSPORTURILOR SI INFRASTRUCTURII,"Compania Națională de Căi Ferate ""C.F.R.""",11054529,Simu - Alexandru Ion,Director/directorat,"50,322","1 50,966",50322.0,150966.0
56,MINISTERUL TRANSPORTURILOR SI INFRASTRUCTURII,"Compania Națională de Căi Ferate ""C.F.R.""",11054529,Mantescu Iulian Florin,Director/directorat,"33,548","1 00,644",33548.0,100644.0
57,MINISTERUL TRANSPORTURILOR SI INFRASTRUCTURII,"Societatea Comercială de Transport cu Metroul Bucureşti ""Metrorex""",13863739,Preoteasa Traian,Membru CA/CS,"5,345","16,035",5345.0,16035.0
57,MINISTERUL TRANSPORTURILOR SI INFRASTRUCTURII,"Societatea Comercială de Transport cu Metroul Bucureşti ""Metrorex""",13863739,Szentes Iosif,Membru CA/CS,"5,345","16,035",5345.0,16035.0
57,MINISTERUL TRANSPORTURILOR SI INFRASTRUCTURII,"Societatea Comercială de Transport cu Metroul Bucureşti ""Metrorex""",13863739,Voicu Vasile Dorin,Membru CA/CS,"5,345",,5345.0,0.0
57,MINISTERUL TRANSPORTURILOR SI INFRASTRUCTURII,"Societatea Comercială de Transport cu Metroul Bucureşti ""Metrorex""",13863739,Petre Mariana,Membru CA/CS,"5,345","16,035",5345.0,16035.0
57,MINISTERUL TRANSPORTURILOR SI INFRASTRUCTURII,"Societatea Comercială de Transport cu Metroul Bucureşti ""Metrorex""",13863739,Popa Gabriel,Membru CA/CS,"5,345","16,035",5345.0,16035.0
57,MINISTERUL TRANSPORTURILOR SI INFRASTRUCTURII,"Societatea Comercială de Transport cu Metroul Bucureşti ""Metrorex""",13863739,Miclaus Mariana,Director/directorat,"30,000","90,000",30000.0,90000.0
57,MINISTERUL TRANSPORTURILOR SI INFRASTRUCTURII,"Societatea Comercială de Transport cu Metroul Bucureşti ""Metrorex""",13863739,Diaconu Ioana,Director/directorat,"28,000","84,000",28000.0,84000.0
58,MINISTERUL TRANSPORTURILOR SI INFRASTRUCTURII,Societatea Tipografică „Filaret”,14547106,Radu Claudia Carmen,Membru CA/CS,"5,015",,5015.0,0.0
58,MINISTERUL TRANSPORTURILOR SI INFRASTRUCTURII,Societatea Tipografică „Filaret”,14547106,Timiș Iuliana Adriana,Membru CA/CS,"5,015",,5015.0,0.0
58,MINISTERUL TRANSPORTURILOR SI INFRASTRUCTURII,Societatea Tipografică „Filaret”,14547106,Pop Ioan,Membru CA/CS,"5,015",,5015.0,0.0
58,MINISTERUL TRANSPORTURILOR SI INFRASTRUCTURII,Societatea Tipografică „Filaret”,14547106,Lazar Ion Paul,Membru CA/CS,"5,015",,5015.0,0.0
58,MINISTERUL TRANSPORTURILOR SI INFRASTRUCTURII,Societatea Tipografică „Filaret”,14547106,Ungureanu Mihai,Membru CA/CS,"5,015",,5015.0,0.0
,MINISTERUL TRANSPORTURILOR SI INFRASTRUCTURII,Societatea Tipografică „Filaret”,14547106,Dumitru Ionelia,Director/directorat,"1 8,846",,18846.0,0.0
59,MINISTERUL TRANSPORTURILOR SI INFRASTRUCTURII,Societatea „Electrificare CFR”,16828396,Rădulescu Ștefan Răzvan,Director/directorat,"4 6,271",,46271.0,0.0
59,MINISTERUL TRANSPORTURILOR SI INFRASTRUCTURII,Societatea „Electrificare CFR”,16828396,Goșea Adrian Marius,Director/directorat,"3 4,703",,34703.0,0.0
59,MINISTERUL TRANSPORTURILOR SI INFRASTRUCTURII,Societatea „Electrificare CFR”,16828396,Rădulescu Ștefan Răzvan,Membru CA/CS,"1 7,094",,17094.0,0.0
59,MINISTERUL TRANSPORTURILOR SI INFRASTRUCTURII,Societatea „Electrificare CFR”,16828396,Petre Ungureanu,Membru CA/CS,"1 7,094",,17094.0,0.0
59,MINISTERUL TRANSPORTURILOR SI INFRASTRUCTURII,Societatea „Electrificare CFR”,16828396,Dascălu Ana- Maria,Membru CA/CS,"1 7,094",,17094.0,0.0
59,MINISTERUL TRANSPORTURILOR SI INFRASTRUCTURII,Societatea „Electrificare CFR”,16828396,Nancu Dumitru,Membru CA/CS,"1 7,094",,17094.0,0.0
59,MINISTERUL TRANSPORTURILOR SI INFRASTRUCTURII,Societatea „Electrificare CFR”,16828396,Hunyadi Monica,Membru CA/CS,"1 7,094",,17094.0,0.0
60,MINISTERUL TRANSPORTURILOR SI INFRASTRUCTURII,Societatea „Informatica Feroviara”,14966210,Pipa George Radu,Membru CA/CS,"2 2,222",,22222.0,0.0
60,MINISTERUL TRANSPORTURILOR SI INFRASTRUCTURII,Societatea „Informatica Feroviara”,14966210,Măntescu Iulian Florin,Membru CA/CS,"2 2,222",,22222.0,0.0
60,MINISTERUL TRANSPORTURILOR SI INFRASTRUCTURII,Societatea „Informatica Feroviara”,14966210,Ceşa Petru,Membru CA/CS,"2 2,222",,22222.0,0.0
60,MINISTERUL TRANSPORTURILOR SI INFRASTRUCTURII,Societatea „Informatica Feroviara”,14966210,Raluca Sandu Mihaela,Membru CA/CS,"2 2,222",,22222.0,0.0
60,MINISTERUL TRANSPORTURILOR SI INFRASTRUCTURII,Societatea „Informatica Feroviara”,14966210,Scrioşteanu Ionel,Membru CA/CS,"2 2,222",,22222.0,0.0
60,MINISTERUL TRANSPORTURILOR SI INFRASTRUCTURII,Societatea „Informatica Feroviara”,14966210,Micu Cristian Alexandru,Membru CA/CS,"2 2,222",,22222.0,0.0
60,MINISTERUL TRANSPORTURILOR SI INFRASTRUCTURII,Societatea „Informatica Feroviara”,14966210,Ilie Laurenţiu Andrei,Membru CA/CS,"2 2,222",,22222.0,0.0
60,MINISTERUL TRANSPORTURILOR SI INFRASTRUCTURII,Societatea „Informatica Feroviara”,14966210,Radu Alexandru,Director/directorat,"51,744","1 08,078",51744.0,108078.0
60,MINISTERUL TRANSPORTURILOR SI INFRASTRUCTURII,Societatea „Informatica Feroviara”,14966210,Pătru Adrian,Director/directorat,"34,496","1 08,078",34496.0,108078.0
61,MINISTERUL TRANSPORTURILOR SI INFRASTRUCTURII,Societatea Carpatica Feroviar România,50826310,Găvrută Adrian Daniel,Membru CA/CS,"1 4,636",,14636.0,0.0
,MINISTERUL TRANSPORTURILOR SI INFRASTRUCTURII,Societatea Carpatica Feroviar România,50826310,Staicu Mihail George,Membru CA/CS,"1 4,636",,14636.0,0.0
61,MINISTERUL TRANSPORTURILOR SI INFRASTRUCTURII,Societatea Carpatica Feroviar România,50826310,Radu Alexandru,Membru CA/CS,"1 4,636",,14636.0,0.0
61,MINISTERUL TRANSPORTURILOR SI INFRASTRUCTURII,Societatea Carpatica Feroviar România,50826310,Nuncă Otilia Florentina,Membru CA/CS,"1 4,636",,14636.0,0.0
61,MINISTERUL TRANSPORTURILOR SI INFRASTRUCTURII,Societatea Carpatica Feroviar România,50826310,Budescu Gabriel,Membru CA/CS,"1 4,636",,14636.0,0.0
61,MINISTERUL TRANSPORTURILOR SI INFRASTRUCTURII,Societatea Carpatica Feroviar România,50826310,Apostolache Daniel,Director/directorat,"4 5,846",,45846.0,0.0
62,MINISTERUL TRANSPORTURILOR SI INFRASTRUCTURII,Compania Nationala Administratia Porturilor Maritime Constanta,11062831,Teodorescu Mihai,Membru CA/CS,"1 0,636",,10636.0,0.0
62,MINISTERUL TRANSPORTURILOR SI INFRASTRUCTURII,Compania Nationala Administratia Porturilor Maritime Constanta,11062831,Catană Dan Alexandru,Membru CA/CS,"1 0,636",,10636.0,0.0
62,MINISTERUL TRANSPORTURILOR SI INFRASTRUCTURII,Compania Nationala Administratia Porturilor Maritime Constanta,11062831,Vlad Elena,Membru CA/CS,"1 0,636",,10636.0,0.0
62,MINISTERUL TRANSPORTURILOR SI INFRASTRUCTURII,Compania Nationala Administratia Porturilor Maritime Constanta,11062831,Diaconu Cătălin,Membru CA/CS,"1 0,636",,10636.0,0.0
62,MINISTERUL TRANSPORTURILOR SI INFRASTRUCTURII,Compania Nationala Administratia Porturilor Maritime Constanta,11062831,Nancu Dumitru,Director/directorat,"4 2,988",,42988.0,0.0
62,MINISTERUL TRANSPORTURILOR SI INFRASTRUCTURII,Compania Nationala Administratia Porturilor Maritime Constanta,11062831,Mihai Teodorescu,Director/directorat,"6 1,688",,61688.0,0.0
63,MINISTERUL TRANSPORTURILOR SI INFRASTRUCTURII,"SOCIETATEA DE ADMINISTRARE ACTIVE FEROVIARE ""S.A.A.F."" SA",11059950,Insolventa/Diverse,Insolventa/Diverse,Insolventa/Diverse,insolventa,0.0,0.0
64,MINISTERUL ENERGIEI,NUCLEARELECTRICA,10874881,Nitulescu Casian,Membru CA/CS,"1 7,926",,17926.0,0.0
64,MINISTERUL ENERGIEI,NUCLEARELECTRICA,10874881,Cazan Laurentiu Nicolae,Membru CA/CS,"1 7,926",,17926.0,0.0
64,MINISTERUL ENERGIEI,NUCLEARELECTRICA,10874881,Petrica Nicolescu,Membru CA/CS,"1 7,926",,17926.0,0.0
64,MINISTERUL ENERGIEI,NUCLEARELECTRICA,10874881,Ionut Purica,Membru CA/CS,"1 7,926",,17926.0,0.0
64,MINISTERUL ENERGIEI,NUCLEARELECTRICA,10874881,Chirlesan Dumitru,Membru CA/CS,"1 7,926","215,112",17926.0,215112.0
64,MINISTERUL ENERGIEI,NUCLEARELECTRICA,10874881,Grajdan Vasilica,Membru CA/CS,"1 7,926","215,112",17926.0,215112.0
,MINISTERUL ENERGIEI,NUCLEARELECTRICA,10874881,Burlacu Oleg,Membru CA/CS,"1 7,926",,17926.0,0.0
64,MINISTERUL ENERGIEI,NUCLEARELECTRICA,10874881,Ghiță Cosmin,Director/directorat,"5 3,778","1,613,340",53778.0,1613340.0
64,MINISTERUL ENERGIEI,NUCLEARELECTRICA,10874881,Adam Daniel,Director/directorat,"5 1,000","1,468,800",51000.0,1468800.0
65,MINISTERUL ENERGIEI,ENERGONUCLEAR,25344972,Negru Antonie Marius,Membru CA/CS,"5,000",,5000.0,0.0
65,MINISTERUL ENERGIEI,ENERGONUCLEAR,25344972,Grigorean Vlad,Membru CA/CS,"5,000",,5000.0,0.0
65,MINISTERUL ENERGIEI,ENERGONUCLEAR,25344972,Simion Paul Eduard,Membru CA/CS,"5,000",,5000.0,0.0
65,MINISTERUL ENERGIEI,ENERGONUCLEAR,25344972,Vacant,,,,0.0,0.0
65,MINISTERUL ENERGIEI,ENERGONUCLEAR,25344972,Havris Constantin Alexandru,Director/directorat,"6 8,388",,68388.0,0.0
65,MINISTERUL ENERGIEI,ENERGONUCLEAR,25344972,Marciulescu Alexandru,Director/directorat,"6 4,200",,64200.0,0.0
65,MINISTERUL ENERGIEI,ENERGONUCLEAR,25344972,Dascalu Vasile,Director/directorat,"5 8,800",,58800.0,0.0
66,MINISTERUL ENERGIEI,Fabrica de Prelucrare a Concentratelor de Uraniu Feldioara,44958790,Bacaintan Cristina,Membru CA/CS,"9,000",,9000.0,0.0
66,MINISTERUL ENERGIEI,Fabrica de Prelucrare a Concentratelor de Uraniu Feldioara,44958790,Vlasceanu Silvia,Membru CA/CS,"9,000",,9000.0,0.0
66,MINISTERUL ENERGIEI,Fabrica de Prelucrare a Concentratelor de Uraniu Feldioara,44958790,Dobre Raluca,Membru CA/CS,"9,000",,9000.0,0.0
66,MINISTERUL ENERGIEI,Fabrica de Prelucrare a Concentratelor de Uraniu Feldioara,44958790,Foghis Adrian George,Membru CA/CS,"9,000",,9000.0,0.0
66,MINISTERUL ENERGIEI,Fabrica de Prelucrare a Concentratelor de Uraniu Feldioara,44958790,Vacant,,,,0.0,0.0
66,MINISTERUL ENERGIEI,Fabrica de Prelucrare a Concentratelor de Uraniu Feldioara,44958790,Maracineanu Gelu Agafiel,Director/directorat,"5 5,398",,55398.0,0.0
67,MINISTERUL ENERGIEI,Nuclearelectrica Serv,45374854,Dobrica Anca Ioana,Membru CA/CS,"1 3,722",,13722.0,0.0
,MINISTERUL ENERGIEI,Nuclearelectrica Serv,45374854,Dolha Mircea,Membru CA/CS,"1 3,722",,13722.0,0.0
67,MINISTERUL ENERGIEI,Nuclearelectrica Serv,45374854,Roibu Dragos Stefan,Membru CA/CS,,,0.0,0.0
67,MINISTERUL ENERGIEI,Nuclearelectrica Serv,45374854,Vacant,,,,0.0,0.0
67,MINISTERUL ENERGIEI,Nuclearelectrica Serv,45374854,Roibu Dragos Stefan,Director/directorat,"4 1,166",,41166.0,0.0
68,MINISTERUL ENERGIEI,S.N.G.N. ROMGAZ,14056826,Chisalita Dumitru,Membru CA/CS,"2 7,378",,27378.0,0.0
68,MINISTERUL ENERGIEI,S.N.G.N. ROMGAZ,14056826,Jude Aristotel Marius,Membru CA/CS,,,0.0,0.0
68,MINISTERUL ENERGIEI,S.N.G.N. ROMGAZ,14056826,Nuț Marius Gabriel,Membru CA/CS,"2 7,378","328,536",27378.0,328536.0
68,MINISTERUL ENERGIEI,S.N.G.N. ROMGAZ,14056826,Braslă Răzvan,Membru CA/CS,"2 7,378","328,536",27378.0,328536.0
68,MINISTERUL ENERGIEI,S.N.G.N. ROMGAZ,14056826,Botond Balasz,Membru CA/CS,"2 7,378","328,536",27378.0,328536.0
68,MINISTERUL ENERGIEI,S.N.G.N. ROMGAZ,14056826,Vacant,,,,0.0,0.0
68,MINISTERUL ENERGIEI,S.N.G.N. ROMGAZ,14056826,Stoian Elena Lorena,Membru CA/CS,"2 7,378","328,536",27378.0,328536.0
68,MINISTERUL ENERGIEI,S.N.G.N. ROMGAZ,14056826,Popescu Răzvan,Director/directorat,"8 5,644","2,055,456",85644.0,2055456.0
68,MINISTERUL ENERGIEI,S.N.G.N. ROMGAZ,14056826,Jude Aristotel Marius,Director/directorat,"8 5,644","2,055,456",85644.0,2055456.0
68,MINISTERUL ENERGIEI,S.N.G.N. ROMGAZ,14056826,Trâmbițaș Gabriela,Director/directorat,"7 1,370","856,440",71370.0,856440.0
69,MINISTERUL ENERGIEI,DEPOGAZ,34915261,Stănescu Nicolae Bogdan Codruț,Membru CA/CS,"2 2,378","268,535",22378.0,268535.0
69,MINISTERUL ENERGIEI,DEPOGAZ,34915261,Țărîndă Ileana,Membru CA/CS,"2 2,378","268,535",22378.0,268535.0
69,MINISTERUL ENERGIEI,DEPOGAZ,34915261,Lazăr George,Membru CA/CS,"2 2,378","268,535",22378.0,268535.0
,MINISTERUL ENERGIEI,DEPOGAZ,34915261,Vasile Anna-Maria,Membru CA/CS,"2 2,378","268,535",22378.0,268535.0
69,MINISTERUL ENERGIEI,DEPOGAZ,34915261,Ciornea Anca-Isabela,Membru CA/CS,"2 2,378","268,535",22378.0,268535.0
69,MINISTERUL ENERGIEI,DEPOGAZ,34915261,Moise Sanda Madalina,Director/directorat,"8 5,294",,85294.0,0.0
70,MINISTERUL ENERGIEI,S.P.E.E.H. HIDROELECTRICA,13267213,Avram Silviu Răzvan,Membru CA/CS,"1 9,902","238,322",19902.0,238322.0
70,MINISTERUL ENERGIEI,S.P.E.E.H. HIDROELECTRICA,13267213,Bobirca Ana,Membru CA/CS,"2 2,820","257,543",22820.0,257543.0
70,MINISTERUL ENERGIEI,S.P.E.E.H. HIDROELECTRICA,13267213,Persinaru Marius,Membru CA/CS,"1 9,902",,19902.0,0.0
70,MINISTERUL ENERGIEI,S.P.E.E.H. HIDROELECTRICA,13267213,Ene Ciprian Mihail,Membru CA/CS,"1 9,902",,19902.0,0.0
70,MINISTERUL ENERGIEI,S.P.E.E.H. HIDROELECTRICA,13267213,Radu Carmen,Membru CA/CS,"1 9,902","238,322",19902.0,238322.0
70,MINISTERUL ENERGIEI,S.P.E.E.H. HIDROELECTRICA,13267213,Anca Mitu,Membru CA/CS,"1 9,902",,19902.0,0.0
70,MINISTERUL ENERGIEI,S.P.E.E.H. HIDROELECTRICA,13267213,Toniuc George Marius,Membru CA/CS,"1 9,902","238,322",19902.0,238322.0
70,MINISTERUL ENERGIEI,S.P.E.E.H. HIDROELECTRICA,13267213,Borbely Karoly,Director/directorat,"6 5,748","1,571,009",65748.0,1571009.0
70,MINISTERUL ENERGIEI,S.P.E.E.H. HIDROELECTRICA,13267213,Badea Bogdan Nicolae,Director/directorat,"6 5,748","1,571,009",65748.0,1571009.0
70,MINISTERUL ENERGIEI,S.P.E.E.H. HIDROELECTRICA,13267213,Constantin Radu Ioan,Director/directorat,"6 5,748","1,571,009",65748.0,1571009.0
70,MINISTERUL ENERGIEI,S.P.E.E.H. HIDROELECTRICA,13267213,Fetita Marian,Director/directorat,"65,748","1,571,009",65748.0,1571009.0
70,MINISTERUL ENERGIEI,S.P.E.E.H. HIDROELECTRICA,13267213,Radoi Ianas,Director/directorat,"6 5,748","1,571,009",65748.0,1571009.0
71,MINISTERUL ENERGIEI,UZINA DE CONSTRUCTII MASINI HIDROENERGETICE,49594720,Aurel Băra,Membru CA/CS,"1 9,262",,19262.0,0.0
71,MINISTERUL ENERGIEI,UZINA DE CONSTRUCTII MASINI HIDROENERGETICE,49594720,Duma Alexandra,Membru CA/CS,"1 9,262",,19262.0,0.0
71,MINISTERUL ENERGIEI,UZINA DE CONSTRUCTII MASINI HIDROENERGETICE,49594720,Pocora Mihai Silviu,Membru CA/CS,"1 9,262",,19262.0,0.0
,MINISTERUL ENERGIEI,UZINA DE CONSTRUCTII MASINI HIDROENERGETICE,49594720,Fara Dan Cornel,Director/directorat,"3 8,461",,38461.0,0.0
72,MINISTERUL ENERGIEI,HIDROSERV,32097794,Novac Dragos Marian,Membru CA/CS,"1 7,502",,17502.0,0.0
72,MINISTERUL ENERGIEI,HIDROSERV,32097794,Levendi Dinca,Membru CA/CS,"1 7,502",,17502.0,0.0
72,MINISTERUL ENERGIEI,HIDROSERV,32097794,Pena Mihai-Dorin,Membru CA/CS,"1 7,502",,17502.0,0.0
72,MINISTERUL ENERGIEI,HIDROSERV,32097794,Grecu Marius Cristian,Director/directorat,"5 3,852",,53852.0,0.0
73,MINISTERUL ENERGIEI,OIL TERMINAL,2410163,Lungu Ion,Membru CA/CS,"1 6,533",,16533.0,0.0
73,MINISTERUL ENERGIEI,OIL TERMINAL,2410163,Vladescu Luminita,Membru CA/CS,"1 6,533",,16533.0,0.0
73,MINISTERUL ENERGIEI,OIL TERMINAL,2410163,Ungur Ramona,Membru CA/CS,"1 6,533","198,396",16533.0,198396.0
73,MINISTERUL ENERGIEI,OIL TERMINAL,2410163,Teseleanu George,Membru CA/CS,"1 6,533","198,396",16533.0,198396.0
73,MINISTERUL ENERGIEI,OIL TERMINAL,2410163,Misa George-Silvian,Membru CA/CS,"1 6,533","198,396",16533.0,198396.0
73,MINISTERUL ENERGIEI,OIL TERMINAL,2410163,Stan Olteanu Manuela Petronela,Membru CA/CS,"1 6,533",,16533.0,0.0
73,MINISTERUL ENERGIEI,OIL TERMINAL,2410163,Bodu Sebastian-Valentin,Membru CA/CS,"1 6,533","198,396",16533.0,198396.0
73,MINISTERUL ENERGIEI,OIL TERMINAL,2410163,Ciutureanu Viorel Sorin,Director/directorat,"5 1,000","612,000",51000.0,612000.0
73,MINISTERUL ENERGIEI,OIL TERMINAL,2410163,Frangu Adriana,Director/directorat,"50,000","600,000",50000.0,600000.0
74,MINISTERUL ENERGIEI,CONPET,1350020,Kohalni Szabo Luminita Doina,Membru CA/CS,"2 1,398","256,776",21398.0,256776.0
74,MINISTERUL ENERGIEI,CONPET,1350020,Buică Nicușor Marian,Membru CA/CS,"2 1,398","256,776",21398.0,256776.0
74,MINISTERUL ENERGIEI,CONPET,1350020,Vaduva Silviu,Membru CA/CS,"2 1,398",,21398.0,0.0
74,MINISTERUL ENERGIEI,CONPET,1350020,Tănăsică Oana- Cristina,Membru CA/CS,"2 1,398","256,776",21398.0,256776.0
,MINISTERUL ENERGIEI,CONPET,1350020,Gavrilă Florin-Daniel,Membru CA/CS,"2 1,398","256,776",21398.0,256776.0
74,MINISTERUL ENERGIEI,CONPET,1350020,Zaman Andrei-Mihai,Membru CA/CS,"2 1,398","256,776",21398.0,256776.0
74,MINISTERUL ENERGIEI,CONPET,1350020,Danila Alin Mihael,Membru CA/CS,"2 1,398","256,776",21398.0,256776.0
74,MINISTERUL ENERGIEI,CONPET,1350020,Tudora Dorin,Director/directorat,"6 6,636","799,632",66636.0,799632.0
74,MINISTERUL ENERGIEI,CONPET,1350020,Dumitrache Mihaela Anamaria,Director/directorat,"5 5,530","666,360",55530.0,666360.0
74,MINISTERUL ENERGIEI,CONPET,1350020,Necșulescu Radu – Florentin,Director/directorat,"5 5,530","666,360",55530.0,666360.0
74,MINISTERUL ENERGIEI,CONPET,1350020,Toader Sanda,Director/directorat,"5 5,530","666,360",55530.0,666360.0
75,MINISTERUL ENERGIEI,SOCIETATEA DE ADMINISTRARE A PARTICIPAȚIILOR ÎN ENERGIE (S.A.P.E. S.A.),33134190,Nancu Dumitru,Membru CA/CS,"2 3,359",,23359.0,0.0
75,MINISTERUL ENERGIEI,SOCIETATEA DE ADMINISTRARE A PARTICIPAȚIILOR ÎN ENERGIE (S.A.P.E. S.A.),33134190,Vădan Laura Eugenia,Membru CA/CS,"2 3,359",,23359.0,0.0
75,MINISTERUL ENERGIEI,SOCIETATEA DE ADMINISTRARE A PARTICIPAȚIILOR ÎN ENERGIE (S.A.P.E. S.A.),33134190,Neagu Alina Cristina,Membru CA/CS,"2 3,359",,23359.0,0.0
75,MINISTERUL ENERGIEI,SOCIETATEA DE ADMINISTRARE A PARTICIPAȚIILOR ÎN ENERGIE (S.A.P.E. S.A.),33134190,Bodu Sebastian,Membru CA/CS,"2 3,359",,23359.0,0.0
75,MINISTERUL ENERGIEI,SOCIETATEA DE ADMINISTRARE A PARTICIPAȚIILOR ÎN ENERGIE (S.A.P.E. S.A.),33134190,Deaconu Alexandru Stefan,Membru CA/CS,"2 3,359",,23359.0,0.0
75,MINISTERUL ENERGIEI,SOCIETATEA DE ADMINISTRARE A PARTICIPAȚIILOR ÎN ENERGIE (S.A.P.E. S.A.),33134190,Foghiș Adrian,Director/directorat,"4 5,356",,45356.0,0.0
75,MINISTERUL ENERGIEI,SOCIETATEA DE ADMINISTRARE A PARTICIPAȚIILOR ÎN ENERGIE (S.A.P.E. S.A.),33134190,Andrei Jean Vasile,Director/directorat,"4 5,356",,45356.0,0.0
75,MINISTERUL ENERGIEI,SOCIETATEA DE ADMINISTRARE A PARTICIPAȚIILOR ÎN ENERGIE (S.A.P.E. S.A.),33134190,Chiriță Sorin,Director/directorat,"4 5,356","272,136",45356.0,272136.0
75,MINISTERUL ENERGIEI,SOCIETATEA DE ADMINISTRARE A PARTICIPAȚIILOR ÎN ENERGIE (S.A.P.E. S.A.),33134190,Pîrvulescu Bogdan,Director/directorat,"4 5,356","272,136",45356.0,272136.0
76,MINISTERUL ENERGIEI,TITAN POWER,40817209,Marian Luiza,Membru CA/CS,"1 6,500","198,000",16500.0,198000.0
76,MINISTERUL ENERGIEI,TITAN POWER,40817209,Georgescu Ionel,Membru CA/CS,"1 6,500","198,000",16500.0,198000.0
,MINISTERUL ENERGIEI,TITAN POWER,40817209,Ionescu Mirela,Membru CA/CS,"1 6,500","198,000",16500.0,198000.0
76,MINISTERUL ENERGIEI,TITAN POWER,40817209,Offenberg Iulian,Director/directorat,"25,641","615,384",25641.0,615384.0
77,MINISTERUL ENERGIEI,COMPLEXUL ENERGETIC OLTENIA,30267310,Popescu Luminița Georgeta,Membru CA/CS,"2 1,332",,21332.0,0.0
77,MINISTERUL ENERGIEI,COMPLEXUL ENERGETIC OLTENIA,30267310,Călinoiu Ionel-Cătălin,Membru CA/CS,"2 1,333",,21333.0,0.0
77,MINISTERUL ENERGIEI,COMPLEXUL ENERGETIC OLTENIA,30267310,Rogojinaru Viorel,Membru CA/CS,"2 1,334",,21334.0,0.0
77,MINISTERUL ENERGIEI,COMPLEXUL ENERGETIC OLTENIA,30267310,Marinescu Constantin-Adrian,Membru CA/CS,"2 1,335",,21335.0,0.0
77,MINISTERUL ENERGIEI,COMPLEXUL ENERGETIC OLTENIA,30267310,Costescu Marian-Dan,Membru CA/CS,"2 1,336",,21336.0,0.0
77,MINISTERUL ENERGIEI,COMPLEXUL ENERGETIC OLTENIA,30267310,Dăianu Adrian,Membru CA/CS,"2 1,337",,21337.0,0.0
77,MINISTERUL ENERGIEI,COMPLEXUL ENERGETIC OLTENIA,30267310,Ion Valeriu Ionita ( Fp),Membru CA/CS,"2 1,338",,21338.0,0.0
77,MINISTERUL ENERGIEI,COMPLEXUL ENERGETIC OLTENIA,30267310,Plaveti Iulius Dan,Director/directorat,35274 - 70548,,0.0,0.0
77,MINISTERUL ENERGIEI,COMPLEXUL ENERGETIC OLTENIA,30267310,Trufelea Constantin Cosmin,Director/directorat,35274 - 70548,,0.0,0.0
77,MINISTERUL ENERGIEI,COMPLEXUL ENERGETIC OLTENIA,30267310,Bălășoiu Ion,Director/directorat,35274 - 70548,,0.0,0.0
77,MINISTERUL ENERGIEI,COMPLEXUL ENERGETIC OLTENIA,30267310,Vacant,Director/directorat,,,0.0,0.0
78,MINISTERUL ENERGIEI,MINPREST SERV,14814483,Brînzan Adela,Membru CA/CS,"2,780",,2780.0,0.0
78,MINISTERUL ENERGIEI,MINPREST SERV,14814483,Lungu Ion,Membru CA/CS,"2,780",,2780.0,0.0
78,MINISTERUL ENERGIEI,MINPREST SERV,14814483,Bejinaru Maria Mădălina,Membru CA/CS,"2,780",,2780.0,0.0
78,MINISTERUL ENERGIEI,MINPREST SERV,14814483,Țein Maria Mihaela,Membru CA/CS,"2,780",,2780.0,0.0
,MINISTERUL ENERGIEI,MINPREST SERV,14814483,Drăgulescu Mădălina Maria,Membru CA/CS,"2,780",,2780.0,0.0
78,MINISTERUL ENERGIEI,MINPREST SERV,14814483,Vacant,Director/directorat,,,0.0,0.0
79,MINISTERUL ENERGIEI,MEDSERV MIN,14814475,Popescu Georgiana,Membru CA/CS,"3,000",,3000.0,0.0
79,MINISTERUL ENERGIEI,MEDSERV MIN,14814475,Tălău Ioana,Membru CA/CS,"3,000",,3000.0,0.0
79,MINISTERUL ENERGIEI,MEDSERV MIN,14814475,Guță Robert Ciprian,Membru CA/CS,"3,000",,3000.0,0.0
79,MINISTERUL ENERGIEI,MEDSERV MIN,14814475,Giorgi Gabriel Giorgian,Director/directorat,"1 8,000",,18000.0,0.0
79,MINISTERUL ENERGIEI,MEDSERV MIN,14814475,Păun Ecaterina,Director/directorat,"9,500",,9500.0,0.0
80,MINISTERUL ENERGIEI,CCGT POWER IȘALNIȚA,48790613,Butnaru Iulian-Marian,Membru CA/CS,"2 9,000",,29000.0,0.0
80,MINISTERUL ENERGIEI,CCGT POWER IȘALNIȚA,48790613,Bălu Ovidiu,Membru CA/CS,"1 2,000",,12000.0,0.0
80,MINISTERUL ENERGIEI,CCGT POWER IȘALNIȚA,48790613,Stoenac Dragoș-Marian,Membru CA/CS,"1 2,000",,12000.0,0.0
80,MINISTERUL ENERGIEI,CCGT POWER IȘALNIȚA,48790613,Vintilă Mihai-Adrian,Director/directorat,"2 5,641",,25641.0,0.0
80,MINISTERUL ENERGIEI,CCGT POWER IȘALNIȚA,48790613,Costescu Olga,Director/directorat,"2 3,932",,23932.0,0.0
81,MINISTERUL ENERGIEI,REGIA AUTONOMĂ TEHNOLOGII PENTRU ENERGIA NUCLEARĂ  (R.A.T.E.N. S.A.),32306920,Ducu Marian - Cătălin,Membru CA/CS,,,0.0,0.0
81,MINISTERUL ENERGIEI,REGIA AUTONOMĂ TEHNOLOGII PENTRU ENERGIA NUCLEARĂ  (R.A.T.E.N. S.A.),32306920,Uta Ion Octavian,Membru CA/CS,,,0.0,0.0
81,MINISTERUL ENERGIEI,REGIA AUTONOMĂ TEHNOLOGII PENTRU ENERGIA NUCLEARĂ  (R.A.T.E.N. S.A.),32306920,Trancotă Daniela,Membru CA/CS,"1 1,883",,11883.0,0.0
81,MINISTERUL ENERGIEI,REGIA AUTONOMĂ TEHNOLOGII PENTRU ENERGIA NUCLEARĂ  (R.A.T.E.N. S.A.),32306920,Fulgernicolae,Membru CA/CS,"1 1,883",,11883.0,0.0
81,MINISTERUL ENERGIEI,REGIA AUTONOMĂ TEHNOLOGII PENTRU ENERGIA NUCLEARĂ  (R.A.T.E.N. S.A.),32306920,Mișa Ionuț,Membru CA/CS,"1 1,883",,11883.0,0.0
81,MINISTERUL ENERGIEI,REGIA AUTONOMĂ TEHNOLOGII PENTRU ENERGIA NUCLEARĂ  (R.A.T.E.N. S.A.),32306920,Bărîcă Gheorghe,Membru CA/CS,"1 1,883",,11883.0,0.0
,MINISTERUL ENERGIEI,REGIA AUTONOMĂ TEHNOLOGII PENTRU ENERGIA NUCLEARĂ  (R.A.T.E.N. S.A.),32306920,Ioniță Gheorghe,Membru CA/CS,"1 1,883",,11883.0,0.0
81,MINISTERUL ENERGIEI,REGIA AUTONOMĂ TEHNOLOGII PENTRU ENERGIA NUCLEARĂ  (R.A.T.E.N. S.A.),32306920,Ută Ion Octavian,Director/directorat,"6 4,519",,64519.0,0.0
81,MINISTERUL ENERGIEI,REGIA AUTONOMĂ TEHNOLOGII PENTRU ENERGIA NUCLEARĂ  (R.A.T.E.N. S.A.),32306920,Ducu Marian - Cătălin,Director/directorat,"5 9,142",,59142.0,0.0
81,MINISTERUL ENERGIEI,REGIA AUTONOMĂ TEHNOLOGII PENTRU ENERGIA NUCLEARĂ  (R.A.T.E.N. S.A.),32306920,Apostoliceanu Sorin,Director/directorat,"5 3,765",,53765.0,0.0
82,MINISTERUL ENERGIEI,"COMPANIA NAȚIONALĂ PENTRU CONTROLUL CAZANELOR, INSTALAȚIILOR DE RIDICAT ȘI RECIPIENTELOR SUB PRESIUNE (C.N.C.I.R. S.A.)",27787860,Stan -Olteanu Manuela Petronela,Membru CA/CS,"2 3,130",,23130.0,0.0
82,MINISTERUL ENERGIEI,"COMPANIA NAȚIONALĂ PENTRU CONTROLUL CAZANELOR, INSTALAȚIILOR DE RIDICAT ȘI RECIPIENTELOR SUB PRESIUNE (C.N.C.I.R. S.A.)",27787860,Doloiu Maria Roberta,Membru CA/CS,"2 3,130",,23130.0,0.0
82,MINISTERUL ENERGIEI,"COMPANIA NAȚIONALĂ PENTRU CONTROLUL CAZANELOR, INSTALAȚIILOR DE RIDICAT ȘI RECIPIENTELOR SUB PRESIUNE (C.N.C.I.R. S.A.)",27787860,Pagu Angelica,Membru CA/CS,"2 3,130",,23130.0,0.0
82,MINISTERUL ENERGIEI,"COMPANIA NAȚIONALĂ PENTRU CONTROLUL CAZANELOR, INSTALAȚIILOR DE RIDICAT ȘI RECIPIENTELOR SUB PRESIUNE (C.N.C.I.R. S.A.)",27787860,Anton Cristian Ioan,Membru CA/CS,"2 3,130",,23130.0,0.0
82,MINISTERUL ENERGIEI,"COMPANIA NAȚIONALĂ PENTRU CONTROLUL CAZANELOR, INSTALAȚIILOR DE RIDICAT ȘI RECIPIENTELOR SUB PRESIUNE (C.N.C.I.R. S.A.)",27787860,Vacant,Membru CA/CS,,,0.0,0.0
82,MINISTERUL ENERGIEI,"COMPANIA NAȚIONALĂ PENTRU CONTROLUL CAZANELOR, INSTALAȚIILOR DE RIDICAT ȘI RECIPIENTELOR SUB PRESIUNE (C.N.C.I.R. S.A.)",27787860,Raicu Ionica,Director/directorat,"58,521",,58521.0,0.0
83,MINISTERUL ENERGIEI,ELECTROCENTRALE GRUP,31028788,Marinescu Dan- Constantin,Membru CA/CS,"2 4,032","288,384",24032.0,288384.0
83,MINISTERUL ENERGIEI,ELECTROCENTRALE GRUP,31028788,Scarlat Dan- Florin,Membru CA/CS,"2 4,032","288,384",24032.0,288384.0
83,MINISTERUL ENERGIEI,ELECTROCENTRALE GRUP,31028788,Chirita Sorin,Membru CA/CS,"2 4,032","288,384",24032.0,288384.0
83,MINISTERUL ENERGIEI,ELECTROCENTRALE GRUP,31028788,Bondalici Mădălin Mihai,Membru CA/CS,"2 4,032","288,384",24032.0,288384.0
83,MINISTERUL ENERGIEI,ELECTROCENTRALE GRUP,31028788,Andrei Ioan Costina,Membru CA/CS,"2 4,032","288,384",24032.0,288384.0
83,MINISTERUL ENERGIEI,ELECTROCENTRALE GRUP,31028788,Radu Oana Laura,Director/directorat,"3 5,274","423,288",35274.0,423288.0
83,MINISTERUL ENERGIEI,ELECTROCENTRALE GRUP,31028788,Mușat Clarisa - Stefi,Director/directorat,"2 3,516","282,192",23516.0,282192.0
84,MINISTERUL ENERGIEI,ELECTROCENTRALE BUCUREȘTI  (ELCEN),15189596,Văduva Silviu,Membru CA/CS,"33,299",,33299.0,0.0
,MINISTERUL ENERGIEI,ELECTROCENTRALE BUCUREȘTI  (ELCEN),15189596,Pavel Mirela Adriana,Membru CA/CS,"33,299",,33299.0,0.0
84,MINISTERUL ENERGIEI,ELECTROCENTRALE BUCUREȘTI  (ELCEN),15189596,Barbu Irina Mihaela,Membru CA/CS,"33,299",,33299.0,0.0
84,MINISTERUL ENERGIEI,ELECTROCENTRALE BUCUREȘTI  (ELCEN),15189596,Meran Dan Ştefan,Membru CA/CS,"33,299",,33299.0,0.0
84,MINISTERUL ENERGIEI,ELECTROCENTRALE BUCUREȘTI  (ELCEN),15189596,Ciucur Ionuţ,Membru CA/CS,"33,299",,33299.0,0.0
84,MINISTERUL ENERGIEI,ELECTROCENTRALE BUCUREȘTI  (ELCEN),15189596,Creţu Claudiu,Director/directorat,"72,459","73,214",72459.0,73214.0
84,MINISTERUL ENERGIEI,ELECTROCENTRALE BUCUREȘTI  (ELCEN),15189596,Vîlca Marcel,Director/directorat,"48,306","48,809",48306.0,48809.0
85,MINISTERUL ENERGIEI,ELCTROCENTRALE CRAIOVA,46943133,Nica Gabriela Andreea,Membru CA/CS,"2 3,786",,23786.0,0.0
85,MINISTERUL ENERGIEI,ELCTROCENTRALE CRAIOVA,46943133,Gherghe Cosmin Lucian,Membru CA/CS,"2 3,786",,23786.0,0.0
85,MINISTERUL ENERGIEI,ELCTROCENTRALE CRAIOVA,46943133,Bunta Gabriel,Membru CA/CS,"2 3,786",,23786.0,0.0
85,MINISTERUL ENERGIEI,ELCTROCENTRALE CRAIOVA,46943133,Olaru Anamaria-Magdalena,Membru CA/CS,"2 3,786",,23786.0,0.0
85,MINISTERUL ENERGIEI,ELCTROCENTRALE CRAIOVA,46943133,Petre Madalin Gerogescu (Fp),Membru CA/CS,"2 3,786",,23786.0,0.0
85,MINISTERUL ENERGIEI,ELCTROCENTRALE CRAIOVA,46943133,Lorena Voican,Director/directorat,"3 4,836",,34836.0,0.0
85,MINISTERUL ENERGIEI,ELCTROCENTRALE CRAIOVA,46943133,Băsescu Cristian,Director/directorat,"2 8,333",,28333.0,0.0
86,MINISTERUL ENERGIEI,COMPLEXUL ENERGETIC VALEA JIULUI,30859649,Roșu Ioan-Cristian,Membru CA/CS,"1 2,016",,12016.0,0.0
86,MINISTERUL ENERGIEI,COMPLEXUL ENERGETIC VALEA JIULUI,30859649,Buda Gheorghe,Membru CA/CS,"1 2,016",,12016.0,0.0
86,MINISTERUL ENERGIEI,COMPLEXUL ENERGETIC VALEA JIULUI,30859649,Biris Liviu-Ioan,Membru CA/CS,"1 2,016",,12016.0,0.0
86,MINISTERUL ENERGIEI,COMPLEXUL ENERGETIC VALEA JIULUI,30859649,Marinescu Dan Constantin,Membru CA/CS,"1 2,016",,12016.0,0.0
86,MINISTERUL ENERGIEI,COMPLEXUL ENERGETIC VALEA JIULUI,30859649,Vacant,,,,0.0,0.0
,MINISTERUL ENERGIEI,COMPLEXUL ENERGETIC VALEA JIULUI,30859649,Mija Eduaard Aurelian,Director/directorat,"3 8,560",,38560.0,0.0
87,MINISTERUL ENERGIEI,MIDIA GREEN ENERGY,14325363,Sinan Mustafa,Membru CA/CS,"3 7,821",,37821.0,0.0
87,MINISTERUL ENERGIEI,MIDIA GREEN ENERGY,14325363,Sorin Danut Popescu,Membru CA/CS,"2 8,388",,28388.0,0.0
87,MINISTERUL ENERGIEI,MIDIA GREEN ENERGY,14325363,Petre Iulian Nicolescu,Membru CA/CS,"2 8,388",,28388.0,0.0
87,MINISTERUL ENERGIEI,MIDIA GREEN ENERGY,14325363,Utekov Yedil,Membru CA/CS,"3 7,821",,37821.0,0.0
87,MINISTERUL ENERGIEI,MIDIA GREEN ENERGY,14325363,Suleimanov Albert,Membru CA/CS,"3 7,821",,37821.0,0.0
87,MINISTERUL ENERGIEI,MIDIA GREEN ENERGY,14325363,Turgay Chemal,Director/directorat,"5 0,429",,50429.0,0.0
88,MINISTERUL ENERGIEI,"INSTITUTUL DE CERCETARE ȘTIINȚIFICĂ, INGINERIE TEHNOLOGICĂ ȘI PROIECTARE MINE PE LIGNIT (I.C.S.I.T.P.M.L. S.A.)",3730549,Ungureanu Adriana Lorena,Membru CA/CS,"4,662",,4662.0,0.0
88,MINISTERUL ENERGIEI,"INSTITUTUL DE CERCETARE ȘTIINȚIFICĂ, INGINERIE TEHNOLOGICĂ ȘI PROIECTARE MINE PE LIGNIT (I.C.S.I.T.P.M.L. S.A.)",3730549,Niculaita Nicolae,Membru CA/CS,"4,662",,4662.0,0.0
88,MINISTERUL ENERGIEI,"INSTITUTUL DE CERCETARE ȘTIINȚIFICĂ, INGINERIE TEHNOLOGICĂ ȘI PROIECTARE MINE PE LIGNIT (I.C.S.I.T.P.M.L. S.A.)",3730549,Vacant,Membru CA/CS,,,0.0,0.0
88,MINISTERUL ENERGIEI,"INSTITUTUL DE CERCETARE ȘTIINȚIFICĂ, INGINERIE TEHNOLOGICĂ ȘI PROIECTARE MINE PE LIGNIT (I.C.S.I.T.P.M.L. S.A.)",3730549,,Director/directorat,"15,000",,15000.0,0.0
89,MINISTERUL APARARII NATIONALE,Compania Națională ROMTEHNICA,472771,Bachide Eduard,Membru CA/CS,"10,370",,10370.0,0.0
89,MINISTERUL APARARII NATIONALE,Compania Națională ROMTEHNICA,472771,Mișa Ionuț,Membru CA/CS,"10,370",,10370.0,0.0
89,MINISTERUL APARARII NATIONALE,Compania Națională ROMTEHNICA,472771,Vacant,Vacant,,Nu a fost stabilită,0.0,0.0
89,MINISTERUL APARARII NATIONALE,Compania Națională ROMTEHNICA,472771,Ghidiu Ruxandra,Director/directorat,,Nu a fost stabilită,0.0,0.0
90,MINISTERUL APARARII NATIONALE,RO-ARMYSECURITY,29136150,Stănoiu Liviu,Membru CA/CS,"4,456",,4456.0,0.0
90,MINISTERUL APARARII NATIONALE,RO-ARMYSECURITY,29136150,Cojocaru Simona,Membru CA/CS,"4,456",,4456.0,0.0
90,MINISTERUL APARARII NATIONALE,RO-ARMYSECURITY,29136150,Cotîrță Anca,Membru CA/CS,"4,456",,4456.0,0.0
,"MINISTERUL ECONOMIEI, DIGITALIZARII, ANTREPRENORIATULUI SI TURISMULUI",TELEGONDOLA-MAMAIA,15551423,Costache Laurențiu,Membru CA/CS,"3,070",,3070.0,0.0
97,"MINISTERUL ECONOMIEI, DIGITALIZARII, ANTREPRENORIATULUI SI TURISMULUI",TELEGONDOLA-MAMAIA,15551423,Filip Cosmin,Membru CA/CS,"3,070",,3070.0,0.0
98,"MINISTERUL ECONOMIEI, DIGITALIZARII, ANTREPRENORIATULUI SI TURISMULUI",NEPTUN-OLIMP,2423562,Florin Aurel Neghină,Membru CA/CS,"1,500",,1500.0,0.0
98,"MINISTERUL ECONOMIEI, DIGITALIZARII, ANTREPRENORIATULUI SI TURISMULUI",NEPTUN-OLIMP,2423562,Ioana Dumitrache,Membru CA/CS,"1,500",,1500.0,0.0
98,"MINISTERUL ECONOMIEI, DIGITALIZARII, ANTREPRENORIATULUI SI TURISMULUI",NEPTUN-OLIMP,2423562,Constantin Marian Mihai,Membru CA/CS,"1,500",,1500.0,0.0
98,"MINISTERUL ECONOMIEI, DIGITALIZARII, ANTREPRENORIATULUI SI TURISMULUI",NEPTUN-OLIMP,2423562,Florin Dănuț Buzatu,Membru CA/CS,"1,500",,1500.0,0.0
98,"MINISTERUL ECONOMIEI, DIGITALIZARII, ANTREPRENORIATULUI SI TURISMULUI",NEPTUN-OLIMP,2423562,Victor Alexandru Frunză,Membru CA/CS,"1,500",,1500.0,0.0
98,"MINISTERUL ECONOMIEI, DIGITALIZARII, ANTREPRENORIATULUI SI TURISMULUI",NEPTUN-OLIMP,2423562,Dima Lascu,Director/directorat,"1 2,000",,12000.0,0.0
99,"MINISTERUL ECONOMIEI, DIGITALIZARII, ANTREPRENORIATULUI SI TURISMULUI",CENTRUL NAȚIONAL DE ÎNVĂȚĂMÂNT TURISTIC,24979799,Avram Valentin-Gabriel,Director/directorat,"1 1,500",,11500.0,0.0
99,"MINISTERUL ECONOMIEI, DIGITALIZARII, ANTREPRENORIATULUI SI TURISMULUI",CENTRUL NAȚIONAL DE ÎNVĂȚĂMÂNT TURISTIC,24979799,Baciună Diana-Ștefana,Membru CA/CS,"6,071",,6071.0,0.0
99,"MINISTERUL ECONOMIEI, DIGITALIZARII, ANTREPRENORIATULUI SI TURISMULUI",CENTRUL NAȚIONAL DE ÎNVĂȚĂMÂNT TURISTIC,24979799,Butacu Simona-Valentina,Membru CA/CS,"6,071",,6071.0,0.0
99,"MINISTERUL ECONOMIEI, DIGITALIZARII, ANTREPRENORIATULUI SI TURISMULUI",CENTRUL NAȚIONAL DE ÎNVĂȚĂMÂNT TURISTIC,24979799,Cozma Vasile-Felix,Membru CA/CS,"6,071",,6071.0,0.0
99,"MINISTERUL ECONOMIEI, DIGITALIZARII, ANTREPRENORIATULUI SI TURISMULUI",CENTRUL NAȚIONAL DE ÎNVĂȚĂMÂNT TURISTIC,24979799,Pîrjol Emil-Răzvan,Membru CA/CS,"6,071",,6071.0,0.0
99,"MINISTERUL ECONOMIEI, DIGITALIZARII, ANTREPRENORIATULUI SI TURISMULUI",CENTRUL NAȚIONAL DE ÎNVĂȚĂMÂNT TURISTIC,24979799,Sloată Florentina,Membru CA/CS,"6,071",,6071.0,0.0
100,"MINISTERUL ECONOMIEI, DIGITALIZARII, ANTREPRENORIATULUI SI TURISMULUI",SOCIETATEA NAȚIONALĂ PLAFAR,11945506,Vacant,Membru CA/CS,,,0.0,0.0
100,"MINISTERUL ECONOMIEI, DIGITALIZARII, ANTREPRENORIATULUI SI TURISMULUI",SOCIETATEA NAȚIONALĂ PLAFAR,11945506,Haschka Luiza Mihaela,Membru CA/CS,"3,692",,3692.0,0.0
100,"MINISTERUL ECONOMIEI, DIGITALIZARII, ANTREPRENORIATULUI SI TURISMULUI",SOCIETATEA NAȚIONALĂ PLAFAR,11945506,Ciobotaru Iuliana,Membru CA/CS,"3,692",,3692.0,0.0
100,"MINISTERUL ECONOMIEI, DIGITALIZARII, ANTREPRENORIATULUI SI TURISMULUI",SOCIETATEA NAȚIONALĂ PLAFAR,11945506,Hnatec Teodor Gabriel,Membru CA/CS,"3,692",,3692.0,0.0
,"MINISTERUL ECONOMIEI, DIGITALIZARII, ANTREPRENORIATULUI SI TURISMULUI",SOCIETATEA NAȚIONALĂ PLAFAR,11945506,Vacant,Membru CA/CS,"3,692",,3692.0,0.0
100,"MINISTERUL ECONOMIEI, DIGITALIZARII, ANTREPRENORIATULUI SI TURISMULUI",SOCIETATEA NAȚIONALĂ PLAFAR,11945506,Bratu Elena,Director/directorat,"2 0,500",,20500.0,0.0
100,"MINISTERUL ECONOMIEI, DIGITALIZARII, ANTREPRENORIATULUI SI TURISMULUI",SOCIETATEA NAȚIONALĂ PLAFAR,11945506,Bratu Elena *,Director/directorat,"1 3,430",,13430.0,0.0
100,"MINISTERUL ECONOMIEI, DIGITALIZARII, ANTREPRENORIATULUI SI TURISMULUI",SOCIETATEA NAȚIONALĂ PLAFAR,11945506,Dan Marta Florina,Director/directorat,"1 1,111",,11111.0,0.0
100,"MINISTERUL ECONOMIEI, DIGITALIZARII, ANTREPRENORIATULUI SI TURISMULUI",SOCIETATEA NAȚIONALĂ PLAFAR,11945506,Vacant*,Director/directorat,,,0.0,0.0
101,"MINISTERUL ECONOMIEI, DIGITALIZARII, ANTREPRENORIATULUI SI TURISMULUI",IOR,340312,Oancea Daniel,Director/directorat,"20000 + 2,000 (spor doctorat)",,200002000.0,0.0
101,"MINISTERUL ECONOMIEI, DIGITALIZARII, ANTREPRENORIATULUI SI TURISMULUI",IOR,340312,Radu Floarea,Director/directorat,"1 8,300",,18300.0,0.0
101,"MINISTERUL ECONOMIEI, DIGITALIZARII, ANTREPRENORIATULUI SI TURISMULUI",IOR,340312,Hrimiuc-Zăiceanu Ana Maria (P),Membru CA/CS,"5,203",,5203.0,0.0
101,"MINISTERUL ECONOMIEI, DIGITALIZARII, ANTREPRENORIATULUI SI TURISMULUI",IOR,340312,Cândea-Biela Ana-Maria,Membru CA/CS,"5,203",,5203.0,0.0
101,"MINISTERUL ECONOMIEI, DIGITALIZARII, ANTREPRENORIATULUI SI TURISMULUI",IOR,340312,Cojanu Ștefan,Membru CA/CS,"5,203",,5203.0,0.0
101,"MINISTERUL ECONOMIEI, DIGITALIZARII, ANTREPRENORIATULUI SI TURISMULUI",IOR,340312,Udroiu Ion,Membru CA/CS,"5,203",,5203.0,0.0
102,"MINISTERUL ECONOMIEI, DIGITALIZARII, ANTREPRENORIATULUI SI TURISMULUI",IAR,1132930,Tudor Alexandru Duțu,Membru CA/CS,"4,720",Nu e cazul,4720.0,0.0
102,"MINISTERUL ECONOMIEI, DIGITALIZARII, ANTREPRENORIATULUI SI TURISMULUI",IAR,1132930,Bogdan Costaș,Membru CA/CS,"4,720",Nu e cazul,4720.0,0.0
102,"MINISTERUL ECONOMIEI, DIGITALIZARII, ANTREPRENORIATULUI SI TURISMULUI",IAR,1132930,Cristina Gabriela Dragomir,Membru CA/CS,"4,720",Nu e cazul,4720.0,0.0
102,"MINISTERUL ECONOMIEI, DIGITALIZARII, ANTREPRENORIATULUI SI TURISMULUI",IAR,1132930,Alexandra - Cristiana Vasile,Membru CA/CS,"4,720",Nu e cazul,4720.0,0.0
102,"MINISTERUL ECONOMIEI, DIGITALIZARII, ANTREPRENORIATULUI SI TURISMULUI",IAR,1132930,Constantin Alexie - Cotan - Bodolan,Membru CA/CS,"4,720",Nu e cazul,4720.0,0.0
102,"MINISTERUL ECONOMIEI, DIGITALIZARII, ANTREPRENORIATULUI SI TURISMULUI",IAR,1132930,Marian - Iulian Rasaliu,Director/directorat,"46,393",Nu e cazul,46393.0,0.0
102,"MINISTERUL ECONOMIEI, DIGITALIZARII, ANTREPRENORIATULUI SI TURISMULUI",IAR,1132930,Ion Dumitrescu,Director/directorat,"49,500",0-12 salarii în funcție de indicatori cf. CIM,49500.0,0.0
,"MINISTERUL ECONOMIEI, DIGITALIZARII, ANTREPRENORIATULUI SI TURISMULUI",ȘANTIERUL NAVAL MANGALIA,14325290,Răzvan Marian Pîrcălăbescu,Membru CA/CS,"1 5,500",,15500.0,0.0
103,"MINISTERUL ECONOMIEI, DIGITALIZARII, ANTREPRENORIATULUI SI TURISMULUI",ȘANTIERUL NAVAL MANGALIA,14325290,Radu Cristian Albu,Membru CA/CS,"1 5,500",,15500.0,0.0
103,"MINISTERUL ECONOMIEI, DIGITALIZARII, ANTREPRENORIATULUI SI TURISMULUI",ȘANTIERUL NAVAL MANGALIA,14325290,Marius Irinel Ion,Membru CA/CS,"1 5,500",,15500.0,0.0
103,"MINISTERUL ECONOMIEI, DIGITALIZARII, ANTREPRENORIATULUI SI TURISMULUI",ȘANTIERUL NAVAL MANGALIA,14325290,Călin Sergiu Cărăguț,Director/directorat,"1 2,500",,12500.0,0.0
103,"MINISTERUL ECONOMIEI, DIGITALIZARII, ANTREPRENORIATULUI SI TURISMULUI",ȘANTIERUL NAVAL MANGALIA,14325290,Mihaela Tudor,Director/directorat,"9,000",,9000.0,0.0
103,"MINISTERUL ECONOMIEI, DIGITALIZARII, ANTREPRENORIATULUI SI TURISMULUI",ȘANTIERUL NAVAL MANGALIA,14325290,Radu Milea,Director/directorat,"8,052",,8052.0,0.0
104,"MINISTERUL ECONOMIEI, DIGITALIZARII, ANTREPRENORIATULUI SI TURISMULUI",ȘANTIERUL NAVAL 2 MAI,2413593,Brezoi Constantin-George,Membru CA/CS,"3,500",,3500.0,0.0
104,"MINISTERUL ECONOMIEI, DIGITALIZARII, ANTREPRENORIATULUI SI TURISMULUI",ȘANTIERUL NAVAL 2 MAI,2413593,Șușnea Florentina,Membru CA/CS,"3,500",,3500.0,0.0
104,"MINISTERUL ECONOMIEI, DIGITALIZARII, ANTREPRENORIATULUI SI TURISMULUI",ȘANTIERUL NAVAL 2 MAI,2413593,Neacșu Nicolae-Ovidiu,Membru CA/CS,"3,500",,3500.0,0.0
104,"MINISTERUL ECONOMIEI, DIGITALIZARII, ANTREPRENORIATULUI SI TURISMULUI",ȘANTIERUL NAVAL 2 MAI,2413593,Vacant,Director/directorat,"1 2,054",,12054.0,0.0
105,"MINISTERUL ECONOMIEI, DIGITALIZARII, ANTREPRENORIATULUI SI TURISMULUI",UZINA MECANICĂ ORĂȘTIE,15657042,Stelian Nicolae Manolescu,Director/directorat,"1 1,305",,11305.0,0.0
105,"MINISTERUL ECONOMIEI, DIGITALIZARII, ANTREPRENORIATULUI SI TURISMULUI",UZINA MECANICĂ ORĂȘTIE,15657042,Elena Ecaterina Stanoiu,Membru CA/CS,"2,900",,2900.0,0.0
105,"MINISTERUL ECONOMIEI, DIGITALIZARII, ANTREPRENORIATULUI SI TURISMULUI",UZINA MECANICĂ ORĂȘTIE,15657042,Monica Aureliana Petcu,Membru CA/CS,"2,900",,2900.0,0.0
105,"MINISTERUL ECONOMIEI, DIGITALIZARII, ANTREPRENORIATULUI SI TURISMULUI",UZINA MECANICĂ ORĂȘTIE,15657042,Mihai George Roventa,Membru CA/CS,"2,900",,2900.0,0.0
106,"MINISTERUL ECONOMIEI, DIGITALIZARII, ANTREPRENORIATULUI SI TURISMULUI",CN ROMARM,13554423,Alexie-Cotan-Bodolan Constantin,Membru CA/CS,"1 9,950",,19950.0,0.0
106,"MINISTERUL ECONOMIEI, DIGITALIZARII, ANTREPRENORIATULUI SI TURISMULUI",CN ROMARM,13554423,Butunoi Ionel-Daniel,Membru CA/CS,"1 9,950",,19950.0,0.0
106,"MINISTERUL ECONOMIEI, DIGITALIZARII, ANTREPRENORIATULUI SI TURISMULUI",CN ROMARM,13554423,Costas Bogdan,Membru CA/CS,"1 9,950",,19950.0,0.0
106,"MINISTERUL ECONOMIEI, DIGITALIZARII, ANTREPRENORIATULUI SI TURISMULUI",CN ROMARM,13554423,Gorun Laurentiu-Nicusor,Membru CA/CS,"1 9,950",,19950.0,0.0
,"MINISTERUL ECONOMIEI, DIGITALIZARII, ANTREPRENORIATULUI SI TURISMULUI",CN ROMARM,13554423,Stan Mihail-Dan,Membru CA/CS,"1 9,950",,19950.0,0.0
106,"MINISTERUL ECONOMIEI, DIGITALIZARII, ANTREPRENORIATULUI SI TURISMULUI",CN ROMARM,13554423,Vladoiu Luis,Director/directorat,"2 7,700",,27700.0,0.0
106,"MINISTERUL ECONOMIEI, DIGITALIZARII, ANTREPRENORIATULUI SI TURISMULUI",CN ROMARM,13554423,Micu Florentina,Director/directorat,"23,228",,23228.0,0.0
107,"MINISTERUL ECONOMIEI, DIGITALIZARII, ANTREPRENORIATULUI SI TURISMULUI",UZINA MECANICĂ CUGIR,1769224,Trifan Mircea Augustin,Director/directorat,"3 9,700",,39700.0,0.0
107,"MINISTERUL ECONOMIEI, DIGITALIZARII, ANTREPRENORIATULUI SI TURISMULUI",UZINA MECANICĂ CUGIR,1769224,Ciulea Nicușor,Director/directorat,"2 3,820",,23820.0,0.0
107,"MINISTERUL ECONOMIEI, DIGITALIZARII, ANTREPRENORIATULUI SI TURISMULUI",UZINA MECANICĂ CUGIR,1769224,Stan Adriana Florina,Membru CA/CS,"1 5,500",,15500.0,0.0
107,"MINISTERUL ECONOMIEI, DIGITALIZARII, ANTREPRENORIATULUI SI TURISMULUI",UZINA MECANICĂ CUGIR,1769224,Puricescu Dănuț,Membru CA/CS,"1 5,500",,15500.0,0.0
107,"MINISTERUL ECONOMIEI, DIGITALIZARII, ANTREPRENORIATULUI SI TURISMULUI",UZINA MECANICĂ CUGIR,1769224,Ciutrilă Cristian - Ioan,Membru CA/CS,"1 5,500",,15500.0,0.0
108,"MINISTERUL ECONOMIEI, DIGITALIZARII, ANTREPRENORIATULUI SI TURISMULUI",UZINA MECANICĂ BUCUREȘTI,14423850,Rafiu Mihai,Director/directorat,"3 5,730",,35730.0,0.0
108,"MINISTERUL ECONOMIEI, DIGITALIZARII, ANTREPRENORIATULUI SI TURISMULUI",UZINA MECANICĂ BUCUREȘTI,14423850,Rusu Ruxandra-Mădălina,Director/directorat,"3 1,760",,31760.0,0.0
108,"MINISTERUL ECONOMIEI, DIGITALIZARII, ANTREPRENORIATULUI SI TURISMULUI",UZINA MECANICĂ BUCUREȘTI,14423850,Bardaș Maria-Mihaela,Membru CA/CS,"1 5,500",,15500.0,0.0
108,"MINISTERUL ECONOMIEI, DIGITALIZARII, ANTREPRENORIATULUI SI TURISMULUI",UZINA MECANICĂ BUCUREȘTI,14423850,Puricescu Dănuț,Membru CA/CS,"1 5,500",,15500.0,0.0
108,"MINISTERUL ECONOMIEI, DIGITALIZARII, ANTREPRENORIATULUI SI TURISMULUI",UZINA MECANICĂ BUCUREȘTI,14423850,Chiriță Dumitru,Membru CA/CS,"1 5,500",,15500.0,0.0
109,"MINISTERUL ECONOMIEI, DIGITALIZARII, ANTREPRENORIATULUI SI TURISMULUI",UZINA AUTOMECANICA MORENI,938970,Oprea Alexandru,Director/directorat,"1 3,593",,13593.0,0.0
109,"MINISTERUL ECONOMIEI, DIGITALIZARII, ANTREPRENORIATULUI SI TURISMULUI",UZINA AUTOMECANICA MORENI,938970,Nițoiu Gabriela,Director/directorat,"1 2,753",,12753.0,0.0
109,"MINISTERUL ECONOMIEI, DIGITALIZARII, ANTREPRENORIATULUI SI TURISMULUI",UZINA AUTOMECANICA MORENI,938970,Mischie Dumitru,Membru CA/CS,"2,700",,2700.0,0.0
109,"MINISTERUL ECONOMIEI, DIGITALIZARII, ANTREPRENORIATULUI SI TURISMULUI",UZINA AUTOMECANICA MORENI,938970,Popa Ioana,Membru CA/CS,"2,700",,2700.0,0.0
109,"MINISTERUL ECONOMIEI, DIGITALIZARII, ANTREPRENORIATULUI SI TURISMULUI",UZINA AUTOMECANICA MORENI,938970,Stan Anca Maria,Membru CA/CS,"2,700",,2700.0,0.0
,"MINISTERUL ECONOMIEI, DIGITALIZARII, ANTREPRENORIATULUI SI TURISMULUI",ELECTROMECANICA PLOIEȘTI,14361269,Enache Vasile,Director/directorat,"2 2,159",,22159.0,0.0
110,"MINISTERUL ECONOMIEI, DIGITALIZARII, ANTREPRENORIATULUI SI TURISMULUI",ELECTROMECANICA PLOIEȘTI,14361269,Alexandra Vișan,Membru CA/CS,"3,300",,3300.0,0.0
110,"MINISTERUL ECONOMIEI, DIGITALIZARII, ANTREPRENORIATULUI SI TURISMULUI",ELECTROMECANICA PLOIEȘTI,14361269,Florin Dobre,Membru CA/CS,"3,300",,3300.0,0.0
110,"MINISTERUL ECONOMIEI, DIGITALIZARII, ANTREPRENORIATULUI SI TURISMULUI",ELECTROMECANICA PLOIEȘTI,14361269,Emanuel Remus Bădulescu,Membru CA/CS,"3,300",,3300.0,0.0
111,"MINISTERUL ECONOMIEI, DIGITALIZARII, ANTREPRENORIATULUI SI TURISMULUI",CARFIL,13945863,Răzvan Marian Pîrcălăbescu,Membru CA/CS,"1 5,500",,15500.0,0.0
,"MINISTERUL ECONOMIEI, DIGITALIZARII, ANTREPRENORIATULUI SI TURISMULUI",CARFIL,13945863,Dumitru Marin,Membru CA/CS,"1 5,500",,15500.0,0.0
,"MINISTERUL ECONOMIEI, DIGITALIZARII, ANTREPRENORIATULUI SI TURISMULUI",CARFIL,13945863,Claudia Florea,Membru CA/CS,"1 5,500",,15500.0,0.0
,"MINISTERUL ECONOMIEI, DIGITALIZARII, ANTREPRENORIATULUI SI TURISMULUI",CARFIL,13945863,Vacant,Director/directorat,,,0.0,0.0
,"MINISTERUL ECONOMIEI, DIGITALIZARII, ANTREPRENORIATULUI SI TURISMULUI",CARFIL,13945863,Fara Nume,Director/directorat,"23,050",,23050.0,0.0
,"MINISTERUL ECONOMIEI, DIGITALIZARII, ANTREPRENORIATULUI SI TURISMULUI",CARFIL,13945863,Fara Nume,Director/directorat,"2 2,000",,22000.0,0.0
112,"MINISTERUL ECONOMIEI, DIGITALIZARII, ANTREPRENORIATULUI SI TURISMULUI",TOHAN,13652413,Iacob Cosmin Constantin,Director/directorat,"1 8,000",,18000.0,0.0
112,"MINISTERUL ECONOMIEI, DIGITALIZARII, ANTREPRENORIATULUI SI TURISMULUI",TOHAN,13652413,Baciu Cristina,Director/directorat,"1 5,732",,15732.0,0.0
112,"MINISTERUL ECONOMIEI, DIGITALIZARII, ANTREPRENORIATULUI SI TURISMULUI",TOHAN,13652413,Tantau Mircea Petru,Membru CA/CS,"2,100",,2100.0,0.0
112,"MINISTERUL ECONOMIEI, DIGITALIZARII, ANTREPRENORIATULUI SI TURISMULUI",TOHAN,13652413,Visan Alexandra,Membru CA/CS,"2,100",,2100.0,0.0
112,"MINISTERUL ECONOMIEI, DIGITALIZARII, ANTREPRENORIATULUI SI TURISMULUI",TOHAN,13652413,Guzun Alexandru,Membru CA/CS,"2,100",,2100.0,0.0
113,"MINISTERUL ECONOMIEI, DIGITALIZARII, ANTREPRENORIATULUI SI TURISMULUI",PIROCHIM VICTORIA,14469423,Stan Adriana - Florina,Membru CA/CS,"1,700",,1700.0,0.0
113,"MINISTERUL ECONOMIEI, DIGITALIZARII, ANTREPRENORIATULUI SI TURISMULUI",PIROCHIM VICTORIA,14469423,Radu Gabriel,Membru CA/CS,"1,700",,1700.0,0.0
113,"MINISTERUL ECONOMIEI, DIGITALIZARII, ANTREPRENORIATULUI SI TURISMULUI",PIROCHIM VICTORIA,14469423,Sava Marius - Cristian,Membru CA/CS,"1,700",,1700.0,0.0
,"MINISTERUL ECONOMIEI, DIGITALIZARII, ANTREPRENORIATULUI SI TURISMULUI",UZINA MECANICĂ MIJA,2978636,Radu Nicolae Toader,Membru CA/CS,"9,800",,9800.0,0.0
117,"MINISTERUL ECONOMIEI, DIGITALIZARII, ANTREPRENORIATULUI SI TURISMULUI",UZINA MECANICĂ MIJA,2978636,Gheorghe Voican,Director/directorat,"2 1,000",,21000.0,0.0
118,"MINISTERUL ECONOMIEI, DIGITALIZARII, ANTREPRENORIATULUI SI TURISMULUI",UZINA MECANICĂ PLOPENI,13741804,Butunoi Ionel Daniel,Membru CA/CS,"2,350",,2350.0,0.0
118,"MINISTERUL ECONOMIEI, DIGITALIZARII, ANTREPRENORIATULUI SI TURISMULUI",UZINA MECANICĂ PLOPENI,13741804,Năstase Cornelia,Membru CA/CS,"2,350",,2350.0,0.0
118,"MINISTERUL ECONOMIEI, DIGITALIZARII, ANTREPRENORIATULUI SI TURISMULUI",UZINA MECANICĂ PLOPENI,13741804,Vasile Dumitru Cătălin,Membru CA/CS,"2,350",,2350.0,0.0
118,"MINISTERUL ECONOMIEI, DIGITALIZARII, ANTREPRENORIATULUI SI TURISMULUI",UZINA MECANICĂ PLOPENI,13741804,Pîrvu Tiberiu Alexandru,Director/directorat,"19,740",,19740.0,0.0
118,"MINISTERUL ECONOMIEI, DIGITALIZARII, ANTREPRENORIATULUI SI TURISMULUI",UZINA MECANICĂ PLOPENI,13741804,Duță Mariana,Director/directorat,"18,500",,18500.0,0.0
119,"MINISTERUL ECONOMIEI, DIGITALIZARII, ANTREPRENORIATULUI SI TURISMULUI",METROM,14531223,Brie Olimpiu Mihail,Membru CA/CS,"2,911",,2911.0,0.0
119,"MINISTERUL ECONOMIEI, DIGITALIZARII, ANTREPRENORIATULUI SI TURISMULUI",METROM,14531223,Teodorescu Carmen Areta,Membru CA/CS,"2,911",,2911.0,0.0
119,"MINISTERUL ECONOMIEI, DIGITALIZARII, ANTREPRENORIATULUI SI TURISMULUI",METROM,14531223,Tudose Mariana,Membru CA/CS,"2,911",,2911.0,0.0
119,"MINISTERUL ECONOMIEI, DIGITALIZARII, ANTREPRENORIATULUI SI TURISMULUI",METROM,14531223,Chifelea Marin,Director/directorat,"10,500",,10500.0,0.0
119,"MINISTERUL ECONOMIEI, DIGITALIZARII, ANTREPRENORIATULUI SI TURISMULUI",METROM,14531223,Stan Aurica,Director/directorat,"10,350",,10350.0,0.0
120,"MINISTERUL ECONOMIEI, DIGITALIZARII, ANTREPRENORIATULUI SI TURISMULUI",UZINA DE PRODUSE SPECIALE DRAGOMIREȘTI,3180070,Danciu Gabriela Cătălina,Membru CA/CS,"1 5,500",,15500.0,0.0
120,"MINISTERUL ECONOMIEI, DIGITALIZARII, ANTREPRENORIATULUI SI TURISMULUI",UZINA DE PRODUSE SPECIALE DRAGOMIREȘTI,3180070,Florea Elena Claudia,Membru CA/CS,"1 5,500",,15500.0,0.0
120,"MINISTERUL ECONOMIEI, DIGITALIZARII, ANTREPRENORIATULUI SI TURISMULUI",UZINA DE PRODUSE SPECIALE DRAGOMIREȘTI,3180070,Hlistei Mureșan Adrian,Membru CA/CS,"1 5,500",,15500.0,0.0
120,"MINISTERUL ECONOMIEI, DIGITALIZARII, ANTREPRENORIATULUI SI TURISMULUI",UZINA DE PRODUSE SPECIALE DRAGOMIREȘTI,3180070,Tocan Constantin,Director/directorat,"4 7,640",,47640.0,0.0
120,"MINISTERUL ECONOMIEI, DIGITALIZARII, ANTREPRENORIATULUI SI TURISMULUI",UZINA DE PRODUSE SPECIALE DRAGOMIREȘTI,3180070,Rotaru Elena,Director/directorat,"2 0,591",,20591.0,0.0
121,"MINISTERUL ECONOMIEI, DIGITALIZARII, ANTREPRENORIATULUI SI TURISMULUI",UZINA MECANICĂ SADU,14373832,Neacșu Ovidiu,Director/directorat,"1 5,000",,15000.0,0.0
,"MINISTERUL ECONOMIEI, DIGITALIZARII, ANTREPRENORIATULUI SI TURISMULUI",UZINA MECANICĂ SADU,14373832,Cotigă Mihaela,Membru CA/CS,"3,100",,3100.0,0.0
121,"MINISTERUL ECONOMIEI, DIGITALIZARII, ANTREPRENORIATULUI SI TURISMULUI",UZINA MECANICĂ SADU,14373832,Năstase Cornelia,Membru CA/CS,"3,100",,3100.0,0.0
121,"MINISTERUL ECONOMIEI, DIGITALIZARII, ANTREPRENORIATULUI SI TURISMULUI",UZINA MECANICĂ SADU,14373832,Mischie Dumitru,Membru CA/CS,"3,100",,3100.0,0.0
122,"MINISTERUL ECONOMIEI, DIGITALIZARII, ANTREPRENORIATULUI SI TURISMULUI",BĂIȚA,14322197,Alexandru Cristian Vasilescu,Membru CA/CS,"3,728",,3728.0,0.0
122,"MINISTERUL ECONOMIEI, DIGITALIZARII, ANTREPRENORIATULUI SI TURISMULUI",BĂIȚA,14322197,Marius Irinel Ion,Membru CA/CS,"3,728",,3728.0,0.0
122,"MINISTERUL ECONOMIEI, DIGITALIZARII, ANTREPRENORIATULUI SI TURISMULUI",BĂIȚA,14322197,Ion Spânu,Membru CA/CS,"3,728",,3728.0,0.0
122,"MINISTERUL ECONOMIEI, DIGITALIZARII, ANTREPRENORIATULUI SI TURISMULUI",BĂIȚA,14322197,Cecilia Sandela Banciu,Director/directorat,"1 5,530",,15530.0,0.0
122,"MINISTERUL ECONOMIEI, DIGITALIZARII, ANTREPRENORIATULUI SI TURISMULUI",BĂIȚA,14322197,Anita Violeta Indrei,Director/directorat,"9,875",,9875.0,0.0
122,"MINISTERUL ECONOMIEI, DIGITALIZARII, ANTREPRENORIATULUI SI TURISMULUI",BĂIȚA,14322197,Florin Dobra,Director/directorat,"9,875",,9875.0,0.0
123,"MINISTERUL ECONOMIEI, DIGITALIZARII, ANTREPRENORIATULUI SI TURISMULUI",CUPRUMIN,11551757,Adrian Ovidiu Duicu,Membru CA/CS,"1 9,950",,19950.0,0.0
123,"MINISTERUL ECONOMIEI, DIGITALIZARII, ANTREPRENORIATULUI SI TURISMULUI",CUPRUMIN,11551757,Marcel Radu,Membru CA/CS,"1 9,950",,19950.0,0.0
123,"MINISTERUL ECONOMIEI, DIGITALIZARII, ANTREPRENORIATULUI SI TURISMULUI",CUPRUMIN,11551757,Bogdan Ștefan Chițescu,Membru CA/CS,"1 9,950",,19950.0,0.0
123,"MINISTERUL ECONOMIEI, DIGITALIZARII, ANTREPRENORIATULUI SI TURISMULUI",CUPRUMIN,11551757,Radu Claudiu Roșca,Membru CA/CS,"1 9,950",,19950.0,0.0
123,"MINISTERUL ECONOMIEI, DIGITALIZARII, ANTREPRENORIATULUI SI TURISMULUI",CUPRUMIN,11551757,Iulia Fabian-Mărincean,Membru CA/CS,"1 9,950",,19950.0,0.0
123,"MINISTERUL ECONOMIEI, DIGITALIZARII, ANTREPRENORIATULUI SI TURISMULUI",CUPRUMIN,11551757,Mircea Goia,Director/directorat,"4 9,269",,49269.0,0.0
123,"MINISTERUL ECONOMIEI, DIGITALIZARII, ANTREPRENORIATULUI SI TURISMULUI",CUPRUMIN,11551757,Elisabeta Cioară,Director/directorat,"3 9,415",,39415.0,0.0
124,"MINISTERUL ECONOMIEI, DIGITALIZARII, ANTREPRENORIATULUI SI TURISMULUI",COMPANIA NATIONALA A CUPRULUI AURULUI SI FIERULUI MINVEST,2117946,Radu Marcel,ADMINISTRATOR SPECIAL,"2,982",,2982.0,0.0
124,"MINISTERUL ECONOMIEI, DIGITALIZARII, ANTREPRENORIATULUI SI TURISMULUI",COMPANIA NATIONALA A CUPRULUI AURULUI SI FIERULUI MINVEST,2117946,Duicu Adrian Ovidiu,Membru CA/CS,"2,982",,2982.0,0.0
,"MINISTERUL ECONOMIEI, DIGITALIZARII, ANTREPRENORIATULUI SI TURISMULUI",AVIOANE CRAIOVA,2326144,Andra Teodora Dina,Membru CA/CS,"4,645",,4645.0,0.0
130,"MINISTERUL ECONOMIEI, DIGITALIZARII, ANTREPRENORIATULUI SI TURISMULUI",AVIOANE CRAIOVA,2326144,Oana Elena Nemțeanu,Membru CA/CS,"4,645",,4645.0,0.0
130,"MINISTERUL ECONOMIEI, DIGITALIZARII, ANTREPRENORIATULUI SI TURISMULUI",AVIOANE CRAIOVA,2326144,Simona Smărăndache,Membru CA/CS,"4,645",,4645.0,0.0
130,"MINISTERUL ECONOMIEI, DIGITALIZARII, ANTREPRENORIATULUI SI TURISMULUI",AVIOANE CRAIOVA,2326144,Nicu Fălcoi,Membru CA/CS,"4,645",,4645.0,0.0
130,"MINISTERUL ECONOMIEI, DIGITALIZARII, ANTREPRENORIATULUI SI TURISMULUI",AVIOANE CRAIOVA,2326144,Claudia Gasparini,Membru CA/CS,"4,645",,4645.0,0.0
130,"MINISTERUL ECONOMIEI, DIGITALIZARII, ANTREPRENORIATULUI SI TURISMULUI",AVIOANE CRAIOVA,2326144,Iulia Dudu,Membru CA/CS,"4,645",,4645.0,0.0
130,"MINISTERUL ECONOMIEI, DIGITALIZARII, ANTREPRENORIATULUI SI TURISMULUI",AVIOANE CRAIOVA,2326144,Monica Roșca,Membru CA/CS,"4,645",,4645.0,0.0
130,"MINISTERUL ECONOMIEI, DIGITALIZARII, ANTREPRENORIATULUI SI TURISMULUI",AVIOANE CRAIOVA,2326144,Bogdan Lucian Crăciunaș,Membru CA/CS,"4,645",,4645.0,0.0
130,"MINISTERUL ECONOMIEI, DIGITALIZARII, ANTREPRENORIATULUI SI TURISMULUI",AVIOANE CRAIOVA,2326144,Victor Munteanu,Director/directorat,"2 4,723",,24723.0,0.0
130,"MINISTERUL ECONOMIEI, DIGITALIZARII, ANTREPRENORIATULUI SI TURISMULUI",AVIOANE CRAIOVA,2326144,Cristiana Moțățăianu,Director/directorat,"2 4,599",,24599.0,0.0
130,"MINISTERUL ECONOMIEI, DIGITALIZARII, ANTREPRENORIATULUI SI TURISMULUI",AVIOANE CRAIOVA,2326144,Verginica Diaconu,Director/directorat,"1 9,494",,19494.0,0.0
131,"MINISTERUL ECONOMIEI, DIGITALIZARII, ANTREPRENORIATULUI SI TURISMULUI",ROMFILATELIA,16184414,Popescu Cristina,Director/directorat,"3 8,627",,38627.0,0.0
131,"MINISTERUL ECONOMIEI, DIGITALIZARII, ANTREPRENORIATULUI SI TURISMULUI",ROMFILATELIA,16184414,Pavel Laura,Director/directorat,"2 0,000",,20000.0,0.0
131,"MINISTERUL ECONOMIEI, DIGITALIZARII, ANTREPRENORIATULUI SI TURISMULUI",ROMFILATELIA,16184414,Munteanu Petronel,Membru CA/CS,"4,273",,4273.0,0.0
132,"MINISTERUL ECONOMIEI, DIGITALIZARII, ANTREPRENORIATULUI SI TURISMULUI",INCERTRANS,4282451,Cladoveanu Flavius-Valeriu,Director/directorat,"39,534",,39534.0,0.0
132,"MINISTERUL ECONOMIEI, DIGITALIZARII, ANTREPRENORIATULUI SI TURISMULUI",INCERTRANS,4282451,Cladoveanu Flavius-Valeriu,Membru CA/CS,,,0.0,0.0
132,"MINISTERUL ECONOMIEI, DIGITALIZARII, ANTREPRENORIATULUI SI TURISMULUI",INCERTRANS,4282451,Buică Nicușor-Marian,Membru CA/CS,"8,985",,8985.0,0.0
132,"MINISTERUL ECONOMIEI, DIGITALIZARII, ANTREPRENORIATULUI SI TURISMULUI",INCERTRANS,4282451,Zapciu Miron,Membru CA/CS,,,0.0,0.0
,"MINISTERUL MUNCII, FAMILIEI, TINERETULUI ȘI SOLIDARITĂȚII SOCIALE",B.T.T.PERLA COSTINESTIULUI SA,4475150,Motoc Elena,Membru CA/CS,"4,477",,4477.0,0.0
139,"MINISTERUL MUNCII, FAMILIEI, TINERETULUI ȘI SOLIDARITĂȚII SOCIALE",B.T.T.PERLA COSTINESTIULUI SA,4475150,Dragu Marius-Alexandru,Membru CA/CS,,,0.0,0.0
139,"MINISTERUL MUNCII, FAMILIEI, TINERETULUI ȘI SOLIDARITĂȚII SOCIALE",B.T.T.PERLA COSTINESTIULUI SA,4475150,Iacob Adrian,Membru CA/CS,"4,477",,4477.0,0.0
139,"MINISTERUL MUNCII, FAMILIEI, TINERETULUI ȘI SOLIDARITĂȚII SOCIALE",B.T.T.PERLA COSTINESTIULUI SA,4475150,Dragu Marius Alexandru,Director/directorat,"2 0,184",,20184.0,0.0
140,"MINISTERUL MUNCII, FAMILIEI, TINERETULUI ȘI SOLIDARITĂȚII SOCIALE",SOCIETATEA DE TRATAMENT BALNEAR SI RECUPERARE A CAPACITATII DE MUNCA TBRCM SA,15619634,Jugănaru Georgeta,Membru CA/CS,"3,948",,3948.0,0.0
140,"MINISTERUL MUNCII, FAMILIEI, TINERETULUI ȘI SOLIDARITĂȚII SOCIALE",SOCIETATEA DE TRATAMENT BALNEAR SI RECUPERARE A CAPACITATII DE MUNCA TBRCM SA,15619634,Floroian Stelian-Olimpiu,Membru CA/CS,"3,948",,3948.0,0.0
140,"MINISTERUL MUNCII, FAMILIEI, TINERETULUI ȘI SOLIDARITĂȚII SOCIALE",SOCIETATEA DE TRATAMENT BALNEAR SI RECUPERARE A CAPACITATII DE MUNCA TBRCM SA,15619634,Rădulescu Ion-Lucian,Membru CA/CS,,,0.0,0.0
140,"MINISTERUL MUNCII, FAMILIEI, TINERETULUI ȘI SOLIDARITĂȚII SOCIALE",SOCIETATEA DE TRATAMENT BALNEAR SI RECUPERARE A CAPACITATII DE MUNCA TBRCM SA,15619634,Popescu Ion,Membru CA/CS,"3,948",,3948.0,0.0
140,"MINISTERUL MUNCII, FAMILIEI, TINERETULUI ȘI SOLIDARITĂȚII SOCIALE",SOCIETATEA DE TRATAMENT BALNEAR SI RECUPERARE A CAPACITATII DE MUNCA TBRCM SA,15619634,Rădulescu Ion-Lucian,Director/directorat,"20,184",,20184.0,0.0
141,MINISTERUL EDUCATIEI,EDITURA DIDACTICĂ ŞI PEDAGOGICĂ,1589983,Adam Mariana,Membru CA/CS,"1,900",,1900.0,0.0
141,MINISTERUL EDUCATIEI,EDITURA DIDACTICĂ ŞI PEDAGOGICĂ,1589983,Grosu Darie George,Membru CA/CS,"1,900",,1900.0,0.0
141,MINISTERUL EDUCATIEI,EDITURA DIDACTICĂ ŞI PEDAGOGICĂ,1589983,Toma Mirela Gabriela,Membru CA/CS,"1,900",,1900.0,0.0
141,MINISTERUL EDUCATIEI,EDITURA DIDACTICĂ ŞI PEDAGOGICĂ,1589983,Bogdan Daniela Elisabeta,Membru CA/CS,"1,900",,1900.0,0.0
141,MINISTERUL EDUCATIEI,EDITURA DIDACTICĂ ŞI PEDAGOGICĂ,1589983,Săftoiu Elwis Claudiu,Membru CA/CS,,,0.0,0.0
141,MINISTERUL EDUCATIEI,EDITURA DIDACTICĂ ŞI PEDAGOGICĂ,1589983,Săftoiu Elwis Claudiu,Director/directorat,"17,760",,17760.0,0.0
142,MINISTERUL EDUCATIEI,SOCIETATEA IN SERVICII IN INFORMATICA PITESTI,128418,Insolventa/Diverse,Insolventa/Diverse,Insolventa/Diverse,Insolventa/diverse,0.0,0.0
143,SERVICIUL ROMAN DE INFORMATII,RASIROM,7061781,Trocan Laurențiu,Membru CA/CS,,,0.0,0.0
143,SERVICIUL ROMAN DE INFORMATII,RASIROM,7061781,Vîlcu Daniel,Membru CA/CS,"18,330",,18330.0,0.0
,SERVICIUL ROMAN DE INFORMATII,RASIROM,7061781,Panainte Coralia,Membru CA/CS,"18,330",,18330.0,0.0
143,SERVICIUL ROMAN DE INFORMATII,RASIROM,7061781,Avram Claudius-Virgil,Membru CA/CS,"18,330",,18330.0,0.0
143,SERVICIUL ROMAN DE INFORMATII,RASIROM,7061781,Andrei Dan,Membru CA/CS,"18,330",,18330.0,0.0
143,SERVICIUL ROMAN DE INFORMATII,RASIROM,7061781,Mladin Cătălin-Ionuț,Membru CA/CS,"18,330",,18330.0,0.0
143,SERVICIUL ROMAN DE INFORMATII,RASIROM,7061781,Ciupitu Gabriel,Membru CA/CS,"18,330",,18330.0,0.0
143,SERVICIUL ROMAN DE INFORMATII,RASIROM,7061781,Trocan Laurențiu,Director/directorat,54990+54990,"109,980",5499054990.0,109980.0
